actual_eV,predicted_eV,surface,facet
-2.031173067914949,-2.0909927,Zr3Pt,111
-0.5150894553580372,-0.51992404,Ru3Nb,111
-0.3434046711617782,-0.16548657,CoOs,101
-0.123334644958021,0.17699876,FeIr,101
0.0599119841363346,0.13758133,FeIr,101
-0.2674466781563467,-0.17862414,Ir3Mn,111
0.4583167124410749,0.32295373,Ir3Mn,111
-0.1902977789568183,-0.18211871,IrPt,101
-0.1524681048567515,-0.21734019,IrPt,101
-0.0999840122558168,-0.23283806,IrPt,101
-0.2473694388563387,-0.31670427,Ru3Os,111
-0.3631057130578199,-0.34659258,Ru3Os,111
-0.2352118006592434,-0.19031179,Ru3Rh,111
-0.1635383761594937,-0.18393268,Ru3Rh,111
-0.1425491473628142,-0.20991224,Rh3Ni,111
-0.1805065788566651,-0.20532867,Rh3Ni,111
-0.3460794140619043,-0.2750671,Rh3Ni,111
-0.996874897958122,-0.9310924,Hf,111
-0.9902862056578384,-0.9917404,Hf,111
-0.7525079631140557,-0.6996779,Ni3Pd,111
0.2838944630430262,0.045963813,Hf,111
0.6047602170611128,0.4623184,Al3Pd,111
0.437008838443063,0.13492817,CrNb,101
-0.7530272924586541,-0.7869632,CrNb,101
-0.2572014560637115,-0.17030919,CoOs,101
-1.0163262754567484,-0.9317447,Nb3Ga,111
-0.5240675793565686,-0.42584398,InY,101
0.1272939013406642,0.13543071,Mo3Nb,111
-0.7790389264582416,-0.6997459,La3Au,111
-0.6964126478587502,-0.6864761,La3Au,111
0.3855058521412786,-0.15580888,InY,101
0.4376144277421474,-0.042269852,InY,101
-0.4877405179567802,-0.18784364,InY,101
-0.1526912382605303,-0.23474821,Pt3Cu,111
-0.4787592646598284,-0.55540615,GaNb,101
0.0940822712373403,-0.35490346,GaNb,101
-0.679481724760052,-0.6614762,La3Pb,111
0.3832745186382738,-0.041157912,GaNb,101
-0.4768770532564019,-0.2631281,PdTc,101
0.3774316903445935,0.4706416,Pb3Pd,111
-0.8906755335546848,-0.7258793,Ta3Y,111
0.3205782656414442,0.25582546,BiPd,101
-0.2955455613618767,-0.21701808,Pt3Ir,111
-0.6233578373566786,-0.48223755,AuSc,101
0.0061118128406008,0.00519696,Hf3Re,111
-0.4133130292602516,-0.06387759,Pt3Ir,111
0.3435891642411945,0.2634665,AuSc,101
0.0901476412409749,-0.27760413,AgY,101
-0.8020107766596709,-0.51594865,AgY,101
0.4457813803428792,0.19880047,AgY,101
0.696207882138907,0.4710991,La3Tl,111
0.1986979331423128,0.3610082,AgY,101
0.3438694416855128,0.6306902,CdCu,101
0.0545128372778549,-0.14248347,PbRh,101
1.1986266286858722,0.9156767,AgTl,101
-0.8350158725206143,-0.34962913,AlMn,101
-1.2442146765224038,-1.2489719,MoZn,101
-0.8984447917154625,-0.87331235,Os3Cr,111
-1.3269329295125658,-1.2096673,Tc3Fe,111
-0.8008315713140632,-0.8382173,Ru3Os,111
-0.5823772211278424,-0.569997,Pd3Ag,111
0.3491280415446738,0.30839851,Nb3Zr,111
-0.6019217977208768,-0.54466516,Pd3Rh,111
-0.5904941048565604,-0.5660149,Co3Ti,111
-0.2021522823178543,0.018042924,Sn3Hf,111
-0.1276320028618727,0.029893922,Cu3Ni,111
-0.5285116064614783,-0.5556801,Co3Ti,111
-0.1902417235605469,-0.098147176,Cu3Ni,111
0.128975292741444,0.026090447,Cu3Pt,111
-0.1126993477582516,0.009989198,Cu3Pt,111
-0.3294816944607817,-0.33067527,Cu3Mo,111
-0.7752222577573491,-0.49448487,IrSc,101
0.712886691741943,0.7079688,AgTl,101
0.8482329857443176,0.7951504,Ga3La,111
1.1411839416405485,0.89753896,AgTl,101
0.6958482837444819,0.6570313,Ga3La,111
-0.0452537558585106,-0.19214694,Cu3Mo,111
0.3105930484462362,0.29155144,Ga3La,111
-0.7387073017589216,-0.74440014,TcZr,101
0.1250937248414914,0.29496998,Ga3La,111
-0.5346972982578961,-0.4023308,PdRe,101
-0.9086985855601312,-0.8563401,TcZr,101
-0.3793102281588005,-0.4355431,InMo,101
-0.6999317599574795,-0.51654494,Tc3Rh,111
0.369796176041774,-0.27699843,AgOs,101
-0.4116276921585893,-0.21598995,NbPt,101
-0.5907364221556861,-0.11650663,NbPt,101
-0.2114989844585295,-0.32761,NbPt,101
-0.1242562944562166,-0.2928499,NbPt,101
-0.5725283329065292,-0.40404904,CoZn,101
-0.9411851683088912,-1.0082119,Os3W,111
-1.132364732116855,-1.0991336,Ru3W,111
-0.9333632559118428,-0.9416713,Ir3Ta,111
-0.6586616145122548,-0.6296373,Ir3Mo,111
-0.4560328610523072,-0.3677683,Ag3Ta,111
-0.2047526021551391,-0.018132735,Ag3Zr,111
-0.1774533254565256,-0.026715001,Ag3Zr,111
-0.2488920518580641,-0.07692825,Ag3Zr,111
-0.0413423915587998,-0.4692304,GaTa,101
0.7541599663427689,0.6879341,Pb,111
0.8064918113423403,0.668307,Pb,111
0.8330755646429964,0.75911725,Pb,111
-0.8744002688572152,-0.9201487,TaW,101
-0.8230224549579077,-0.8182916,CrV,101
-0.8898464027579109,-0.9407051,TaW,101
-0.8788667453581809,-0.81455564,CrV,101
-0.8102909287544833,-0.939055,TaW,101
0.5333062523432375,0.6132476,TlZn,101
0.5881302519419762,0.49076056,TlZn,101
-2.1026728839187285,-2.006172,Ti3V,111
0.6508429678961534,-0.44674206,Fe3Cu,111
-0.6774064487089504,-0.6791991,Ni3Pt,111
-0.3278443854569275,-0.19712664,CoOs,101
1.1940608306440763,0.87389636,Hg3Tl,111
1.1607121912429932,0.96461016,Hg3Tl,111
-0.9421328046582572,-0.28769767,OsY,101
0.7635835406408944,0.48676136,Al3Cu,111
-1.025804408657649,-0.54506564,OsY,101
-0.8770520181596737,-0.9085011,CrNb,101
1.157129948541325,0.7740623,OsY,101
-0.064934933458943,0.04979024,CrNb,101
0.0752133534415691,-0.24919575,CdTi,101
0.0632018404403709,-0.2353558,CdTi,101
-0.7743505410571458,-0.6033647,CdTi,101
-0.959658568556705,-0.83059174,CrZr,101
-0.249322671958879,0.15167241,CrZr,101
-0.3049397473577926,-0.13725527,GaLa,101
0.6147307402434592,0.41096944,CrZr,101
-1.0382367456613508,-1.0263553,Sc3Mo,111
-0.8051071600593502,-0.9183776,Sc3Mo,111
-0.8895755133589489,-0.90762347,Sc3Mo,111
-0.0692884827576278,-0.43967757,HgTa,101
0.2947847309451674,0.29131234,W3Zr,111
-0.7148577482575718,-0.8813007,V3Sc,111
-0.7507448016176284,-0.5531264,AlY,101
-0.7940043711596161,-0.9687943,V3Sc,111
0.2540369081825986,0.207514,AlY,101
-0.8488117718579531,-0.86682457,V3Sc,111
-1.0368222979586506,-0.98135424,Sc3Mo,111
-0.7632518339068497,-0.60177445,GaIr,101
-1.3991745279144538,-1.0044665,AlW,101
-0.6171958195172351,-0.65189457,BiSc,101
-0.5013585911200948,-0.25264302,CdPt,101
-0.915258161714462,-1.3898945,Mn3V,111
-0.6921588281238087,-0.6738595,Rh3Ni,111
-0.40970847335754,-0.37405238,Co3Y,111
0.8449619052863113,0.8158549,Pb3Zn,111
0.4089558062860874,0.07711017,Sn3Rh,111
0.8461096814808684,0.73102957,Sn3Au,111
0.8867172296459387,0.57351303,Ag3Pb,111
-0.818570536458509,-0.6520769,CdW,101
1.1615071717397143,0.84370387,V3In,111
0.5590407383433842,0.56493574,SnZn,101
0.5948147283425271,0.8084748,SnZn,101
-0.4901132145596136,-0.35642588,GaLa,101
-0.0921188338570289,-0.16352043,Os3Ru,111
-0.8062216023599547,-0.6884762,CrZr,101
0.5580384070426874,0.24998513,GaLa,101
0.2004688500428812,0.22922811,Os3Ru,111
0.0194112407416753,-0.12577236,CdNi,101
-0.1239709831633888,-0.07861678,Pd3Ag,111
0.206385829435959,0.22712143,Pd3Ag,111
0.505761256944453,0.31949133,Au3Mo,111
-0.0658073304575452,-0.18734048,Au3Mo,111
-1.3746089067189473,-1.2868208,PdTa,101
-0.5820675556596768,-0.55843246,CuV,101
-0.3609183259604549,-0.28580907,CuV,101
-0.2789271610590447,-0.29713914,CuV,101
-0.6047410330638456,-0.47833315,CuV,101
-0.6598280306634194,-0.5223492,CuV,101
0.1626348221407454,0.19593154,CuV,101
-0.4694517468587662,-0.37355527,GaV,101
-0.9724932259586864,-1.0108262,V3In,111
-0.173667949913522,-0.21221666,Y3Ir,111
-0.4825812395565378,-0.4518489,Ru3W,111
-0.1134526948580685,0.00406852,Ni3Pt,111
0.5136766402438582,0.50505936,BiPd,101
0.5398356238447661,0.7343965,SnTl,101
0.6265565355415958,0.44147325,Al3Pd,111
0.5207720086446272,0.27270532,BiPd,101
-0.2310072337558892,-0.24225152,PdTc,101
-0.2951367102568554,-0.24126256,PdTc,101
0.6606458687465704,0.6017425,AgBi,101
-0.5313112497560439,-0.26171193,PdTc,101
-2.051608817315298,-1.2627866,OsY,101
-0.1712817837159832,-0.1371545,Tl3Zr,111
0.9586056238786682,0.9140577,Zn3Sn,111
-1.118840538259036,-1.0874654,Ti3Cd,111
-1.1196625941583704,-1.1197451,Ti3Cd,111
-1.0927524402604547,-1.0694962,Ti3Ag,111
-1.1141933780590705,-1.1104889,Ti3Ag,111
-0.8589899178577696,-0.83331966,Ta3Y,111
-0.8257743421590646,-0.9633381,Ta3W,111
-0.7731819482569051,-0.8803369,TaW,101
-0.2739761857583005,0.06162784,IrPt,101
-0.1688999712632437,0.14007382,FeIr,101
-0.142410913561406,0.10586954,FeIr,101
-0.1360275310571239,0.13153252,FeIr,101
0.197138856842713,0.19650331,Pd3Au,111
-0.0867976477593117,0.41417068,FeIr,101
-0.9239853967582974,-0.8464901,W3Au,111
-0.6790562747582669,-1.0301039,Y3Tc,111
-1.0323465695609857,-0.9161781,W3Au,111
-0.7040936050570679,-1.0564054,Y3Tc,111
-0.506154461457271,-0.4236769,Co3Mo,111
-1.0177537846566054,-1.0622624,Y3Tc,111
0.3550580822420954,0.31081617,Pd3Au,111
-1.0469589465564866,-1.1103594,Y3Tc,111
-0.5923674725590615,-0.6010771,Tc3Ru,111
-0.5668082278561712,-0.64544576,Tc3Ru,111
-0.521871892756252,-0.6285728,Tc3Ru,111
-0.4921314828597758,-0.5999363,Tc3Ru,111
0.0330837365409308,0.23912112,Tc3Pt,111
-0.2992999158513783,-0.0774007,FeHf,101
-0.0264380363578027,-0.0017278917,W3Mo,111
0.9047038183425968,0.78924114,In3Au,111
0.5009172224463612,0.39841002,FeHf,101
0.1521661946435699,0.045720115,W3Mo,111
-0.8716874299597919,-0.8705786,MoZr,101
0.5299479594441721,0.8354967,In3Au,111
-0.1257974112586168,-0.16232428,Pd3Fe,111
-0.0488121885600492,-0.056795157,Pd3Rh,111
-0.1271254628581744,-0.13929164,Pd3Rh,111
-0.0827402943532149,-0.190813,Pd3Pt,111
-0.258078751153306,-0.20490634,Pd3Pt,111
-0.3785790582578272,-0.34425154,Ru3Tl,111
-0.449579273156786,-0.42176807,Ru3Tl,111
-0.0176325685560811,-0.15364732,Ru3Tl,111
-0.2084977048570806,-0.2557364,Os3Mn,111
-0.3595893219525976,-0.39390236,Os3Mn,111
-0.3602912396517865,-0.38711154,Os3Mn,111
1.2752342934445835,0.9101651,Pb3Hf,111
0.4071767261421257,0.28562656,PdSn,101
-0.4154832733165108,-1.0429523,LaPt,101
0.1812591096841629,0.0040400294,CoSn,101
-1.282464086112611,-1.2630374,OsW,101
-1.3196560613268389,-1.2613578,CuV,101
-1.5487010821142917,-1.4643514,CdTi,101
-0.9802264291192272,-0.85273325,GaLa,101
0.8143534522842515,0.32510397,PdSn,101
0.1796464269437194,-0.045226894,Cu3Y,111
-0.319961383661365,-0.34516928,Co3Ti,111
0.2157424637416909,0.30460024,Hg3Sc,111
0.9261190413390352,0.67515415,Hg3Sc,111
0.7729284741408549,0.7929593,Pd3Al,111
-0.2309773011574805,-0.23551239,IrPt,101
-0.1445280951583925,-0.25459653,IrPt,101
-0.1456482518578639,-0.26405403,IrPt,101
-0.1462195548583338,0.14513041,FeIr,101
-1.1894501337209815,-1.2760564,HfTl,101
-0.6592667957583842,-0.6295856,Ru3Y,111
-0.4026996371230211,-0.33676952,Pt3Cr,111
-0.7546700437587504,-0.8271594,Mo3Re,111
-0.6515402594586419,-0.6771581,Mo3Tc,111
-0.7415568778587556,-0.8214794,Mo3Tc,111
-0.7775546815600762,-0.7635222,Mo3Re,111
-0.7369739366576766,-0.75500304,Mo3Tc,111
-0.8338876883599085,-0.7610771,Mo3Re,111
-0.0557279617596293,-0.057563514,Ru3Pt,111
-0.4323426302607629,-0.45416093,MoRu,101
-1.5755061999206532,-1.3330312,La3Pb,111
0.8347840313408881,0.8263812,Cd3Pb,111
-0.4795935656574954,-0.3862729,Ag3Ta,111
1.1750115013392417,1.1997843,In3Cr,111
0.8570671614407104,0.9561009,In3Cr,111
0.8102125599444037,0.8136283,In3Pb,111
0.8689137735428005,0.8562603,In3Pb,111
-0.5911188783192642,-0.60246676,AgRh,101
-0.0366885646571688,-0.025233954,V3W,111
0.8209558864428175,0.732408,Nb3Al,111
-0.9900436160559992,-0.9921554,Nb3Ga,111
0.3796894188426734,-0.34248698,GaNb,101
-0.5619226959151433,-0.58589834,Pd3Cd,111
0.3864087258416759,0.49207118,Au3Al,111
0.4998733937418649,0.41576624,Au3Al,111
-0.582726887527258,-0.42063484,AgNi,101
0.3127471015423282,0.42423508,Au3Al,111
-0.3897569505561193,-0.3587384,Ir3Sn,111
-0.5965593862556204,-0.6844874,Re3Y,111
-0.6386540365592452,-0.48533547,Re3Rh,111
-0.086833974956761,-0.05183325,Y3Ir,111
-0.6814451621566775,-0.5447139,Re3Rh,111
-0.51558130115788,-0.53292596,Re3Rh,111
-0.8118320454586581,-0.9447637,V3Nb,111
-0.8340817055568266,-0.9950681,V3Nb,111
1.00396672894297,0.16178103,SnW,101
-0.6208324848548443,-0.5752047,MoZn,101
0.0902952629412823,-0.17618333,MoZn,101
0.3753417199414173,0.009910375,HgMo,101
-0.3704496573618314,-0.4018324,GaMo,101
-0.8237411076579235,-0.89511144,W3Nb,111
-1.0952490847584784,-0.91144705,W3Cr,111
-1.261291996760491,-1.0108588,W3Nb,111
-1.2157972840568334,-0.8851688,W3Cr,111
-0.1426200329578648,-0.018359587,W3Os,111
-0.5421447819562388,-0.5509185,OsW,101
-0.6412320430563057,-0.6014772,OsW,101
-0.533189923658,-0.6668499,W3Os,111
0.2500716653458141,0.3023177,FeGa,101
0.9821029261375144,1.1316392,Ga3Tc,111
-0.8280758810569466,-0.9131705,Cr3Co,111
-0.0051252641560211,0.092099406,Cr3Co,111
-0.5389437707590048,-0.3749324,HfPb,101
1.0009287138427965,0.8835143,Hg3Pb,111
1.169423779742857,0.9752306,Hg3Tl,111
1.1242690733425036,0.85932434,Hg3Tl,111
-0.2168169051574011,-0.24144086,IrPt,101
-0.0081990620592193,0.030363623,HfPb,101
0.6891276161450435,0.97383875,Hg3Pb,111
1.2005999983421418,0.9475345,Hg3Tl,111
-0.7160957301593669,-0.6385944,MnTi,101
-0.5051002923564454,-0.6733497,MnTi,101
-0.8175842598566021,-0.7731576,MnTi,101
-0.1720264231580301,-0.51668817,MnTi,101
0.5750422565406836,0.25980806,MnTi,101
-1.3322428229575678,-0.8131321,MnV,101
-1.38497957335764,-0.8356154,MnV,101
-1.3386776349607032,-0.82374233,MnV,101
-1.3852587621576902,-0.8883696,MnV,101
-0.2977981196590633,-0.14871229,MnV,101
0.0526464085424152,0.2105384,Mo3Co,111
-0.8436342618578863,-0.7715074,Mo3Co,111
-0.5147913546597636,-0.5123978,NiV,101
-0.6753489958564103,-0.60130334,NiV,101
0.2584025665428555,0.30961794,NiV,101
0.1105733223385243,-0.09201882,Pd3Ag,111
-0.1465450029599821,-0.20311481,Pd3Al,111
-0.2809613479575716,-0.1135828,Pd3Cd,111
-0.1494092732600336,-0.10943544,Pd3Pb,111
0.0050473035417155,-0.06996077,Pt3Al,111
-0.2136605207587933,-0.09927212,Pt3Al,111
0.9687439054441996,0.5502429,Pt3Al,111
-0.22604265285824,-0.0009983445,Pt3Au,111
0.4458480482399238,0.006925634,Pt3Au,111
-0.7872179881587442,-0.014992796,AlW,101
-0.5410575510604474,-0.48748463,NiV,101
-0.7307859318597991,-0.5240955,NiV,101
-0.1037910208605978,-0.12775692,Pd3Ag,111
-0.2664334622595277,-0.13500659,Pd3Cd,111
-0.1596146306610251,-0.17304265,Pd3Rh,111
-0.2789783184552732,-0.14258012,Pt3Al,111
-0.212482812056777,-0.13506562,Pt3Al,111
-0.278742395758826,-0.22798347,Pt3Au,111
-0.1490030072590968,-0.13146755,Pt3Cu,111
-0.2091028860586163,-0.20670043,Pt3Cu,111
-0.2008945721599673,-0.21679911,ReZn,101
0.5710846328375112,0.6695672,SnZn,101
-0.7481893806607047,-0.5510268,Tc3Co,111
-0.6091880534577001,-0.54677564,Tc3Co,111
0.952849191839988,0.73910004,Tl,111
1.0093979850398966,0.7071907,Tl,111
-0.8968276192581186,-0.89345646,Y3Nb,111
-1.1113915579580578,-1.0102975,Y3Tl,111
0.521800734940399,0.41634277,Zn3Al,111
0.022617694136926,0.10119839,Rh3Ni,111
0.1538847295387597,0.14931089,Rh3Ni,111
-1.6963914123170412,-1.2218885,IrLa,101
-1.0497419909060568,-1.0875067,Co3Mo,111
0.7548633806891871,0.572444,Pb3Pd,111
0.6791019898455772,0.62617224,AgBi,101
-2.0668485527111784,-2.0686624,Ta3Cu,111
-2.081838759919208,-2.0336676,Ta3Rh,111
-1.5523185635155985,-1.3327061,AgSc,101
-0.3037209495141155,-0.3882142,RuSn,101
-1.3175327571206594,-1.227779,Fe3Hf,111
-1.1955082041076253,-1.1087109,Mn3Tc,111
-0.6084223251072558,-0.6503874,Pd3Pt,111
-0.03185446225595,-0.09093203,PtRu,101
-0.1899738274578055,-0.19429491,PtRu,101
-0.2552640057237454,-0.21065873,Cu3Ni,111
-2.064693139121971,-1.9542431,W3Au,111
0.4287929052898676,0.5023847,Tl3Pd,111
-2.0283556013218345,-2.0306416,Nb3In,111
-2.023577010118913,-1.9558171,Ti3Zr,111
-1.947916573712007,-1.9409,Nb3Hf,111
-1.070728634657797,-1.0252987,Y3Cd,111
-0.4858572180591807,-0.35750505,AlY,101
-0.7685483937375182,-0.22794178,AlY,101
0.0636540936439189,-0.18742888,IrLa,101
-0.2053098912574285,-0.15530084,AlRh,101
-0.1599127314575241,-0.14523308,AlRh,101
0.7224954394432928,0.28079227,AlRh,101
-0.7641575647566867,-0.56118715,HfNi,101
-0.0842370565578392,0.1005711,AlRh,101
0.0221383656399041,0.34915805,HfNi,101
0.1413113015451301,0.2734259,GaPt,101
-0.1025839239582353,-0.20218551,Pd3Au,111
-0.3289825016608745,-0.2335357,CrCu,101
-0.337701029063254,-0.22316203,CrCu,101
-0.5947250668604909,-0.47165248,HfTl,101
0.0334267360385922,1.3695459e-05,HfTl,101
-0.4951561642583044,-0.17844342,AlCo,101
0.4750994695396286,-0.21102552,AlCo,101
-0.7205824793035731,-0.7212994,Os3Mn,111
-0.9698485515163496,-0.94174105,InTc,101
-0.3393088136571975,-0.2490269,Ru3Pt,111
-0.2989348752589364,-0.2613474,Pd3Pt,111
-0.178751308557338,-0.23600242,Ru3Pt,111
-0.268285877252282,-0.27034763,Pd3Pt,111
-0.7180470585580849,-0.84389466,W3Os,111
-0.38484094195789,-0.112395264,FeZn,101
-0.1413381047595692,-0.2405364,Ru3Pt,111
0.0864610429426022,-0.03392087,FeZn,101
0.1286004559379137,-0.06714153,FeZn,101
0.1845448842368853,0.5434448,FeZn,101
-0.0611850687591584,-0.04136328,AlMn,101
-0.4175079362603071,-0.15431046,AlMn,101
0.615551707743208,0.75665504,Zn3Cd,111
0.5627647523442931,0.77429116,Zn3Cd,111
0.92158385604219,0.87256837,Pb3Ag,111
0.9146075374419808,0.8715781,Pb3Ag,111
0.6533934907429568,0.7968772,Pb3Ag,111
0.7975173608438411,0.8002673,Pb3Zn,111
0.852954705043004,0.72212046,Sn3Sc,111
0.4911801729440697,0.58758295,Sn3Sc,111
0.716430022043852,0.7877741,Sn3Sc,111
0.4544551450426581,0.41925713,Sn3Sc,111
0.4827553924415326,0.63616973,Sn3Sc,111
1.155303520438821,0.8927931,Sn3Hf,111
1.1563885744408535,0.81063735,Sn3Ti,111
0.8835781243406302,0.77376044,Sn3Ti,111
0.7411463941471368,-0.033872962,Fe3Cu,111
0.4117943619430946,-0.26292443,Fe3Cu,111
0.3254214839480767,-0.3322035,Fe3Cu,111
0.1525758620419139,0.27659208,Fe3Sn,111
0.2188455138393976,0.15707959,Fe3Tl,111
0.8506460912404066,0.15101007,Fe3Zn,111
0.1811625092387032,-0.15779571,Fe3Zn,111
0.3159396771380045,-0.073987685,Fe3Zn,111
-1.2293061033250865,-1.2223707,Tc3Cu,111
-0.81941694671508,-1.203763,Co3Y,111
0.0618359650443665,0.08669028,Mo3Ru,111
0.9696122207433576,-0.09698397,InTc,101
-0.3353309174626417,-0.48289198,Tc3Cu,111
-0.4849242757581748,-0.28596047,InTc,101
-0.6634664647562829,-0.58759433,Tc3Fe,111
-0.5618972533584099,-0.6330501,Tc3Fe,111
-0.4492223958577312,-0.44458804,Os3Cr,111
0.5993133143429361,0.62461853,AgTl,101
-0.4325411373601753,-0.41804057,IrSc,101
0.724630172641838,0.6318359,AgTl,101
-0.1884532552566895,-0.32344556,Fe3Y,111
-0.1695231118564777,-0.314337,Fe3La,111
-0.5032448841584198,-0.31925786,Fe3Zr,111
-0.6309356637120231,-0.41942808,Pd3Au,111
-0.3135951443609599,-0.45154962,Fe3Y,111
-0.3568645100594665,-0.41858312,Fe3La,111
-0.5071444115592101,-0.41799828,Fe3Zr,111
-0.0487840247578503,-0.50609803,Fe3Y,111
-0.1254431190600087,-0.36367017,Fe3La,111
-0.3360805910624265,-0.30074626,Fe3Hf,111
-0.5261009499581348,-0.44052872,Fe3Hf,111
0.5736947488412909,0.6055576,Fe3Hf,111
-0.5055949953593597,-0.5749592,Co3V,111
-1.622506246514547,-1.2327576,Tc3La,111
-0.5818177550563348,-0.64826345,Tc3Mn,111
-0.4252107986567068,-0.31987295,Ru3Pb,111
-0.4525665388564164,-0.4025835,Ru3Pb,111
0.0725228279416398,-0.18023814,Ru3Pb,111
-0.5476862441564379,-0.563973,Tc3Mn,111
-0.7306637526553175,-0.8964832,Ta3Y,111
-0.2546365110528938,-0.30317912,Co3Ru,111
-0.3727363660572962,-0.32659298,Co3Ru,111
1.0739514150864693,0.7989418,Tl3Au,111
0.4011851875411878,0.38657433,Cu3Cd,111
0.7268145664411634,0.5459549,Cd3Al,111
0.3172568442433032,0.26516625,AlPb,101
0.0869972432419956,0.21741685,Cu3Cd,111
0.1719347208427564,0.4224703,CdCu,101
0.927114977942466,0.6386445,Cd3Al,111
-0.7370652307199066,-0.73463976,OsRu,101
-0.2381368884589108,-0.29399684,Ni3Pt,111
-0.1012438992538307,-0.14441903,Ni3Pd,111
-1.1636355101126696,-1.1581254,Tc3Mn,111
-0.3762539815570278,-0.31638217,Ni3Pd,111
-0.2474356985539714,-0.28142688,Ni3Pd,111
-0.7508777293168691,-0.92029124,Os3Re,111
0.200890082241159,0.08477865,Mo3V,111
-0.3839240543147184,-0.33802426,Au3Mo,111
-0.9591871313149908,-0.87600607,Ag3Ta,111
0.8234530751442719,0.6957562,Ga,111
-0.1148838775615956,-0.20341921,AgRh,101
-0.6599582371554504,-0.56840485,NbOs,101
-0.3145384269582507,-0.5492084,NbOs,101
0.2233895428444441,0.21748477,NbOs,101
-0.219377768559724,-0.34574112,BiIr,101
-0.4837907855607852,-0.18698665,BiIr,101
-0.3253194412600066,-0.27668822,Rh3Cr,111
-0.2678409711579377,-0.3119106,AgW,101
0.0044961369431177,-0.019774992,La3Sc,111
-0.1527615796576071,-0.065308966,Y3Nb,111
0.0002402764448845,-0.21134567,CuOs,101
0.2337852439423215,-0.100023106,HgLa,101
-0.2553053668588916,-0.24981427,CuOs,101
-0.2619811356553043,-0.2802088,CuOs,101
-0.4621769194590968,-0.430703,HgLa,101
0.4018003009414599,0.71090484,Au3Al,111
-1.2759298165164523,-1.330507,Co3Sc,111
-1.1995828367197987,-1.331864,Co3Ti,111
-1.0111899907187194,-1.2911972,Co3V,111
-0.7457799485109149,-0.78658175,Co3Ru,111
-0.5448889139206017,-0.6851816,Co3Ir,111
-0.2388034312598108,-0.30576608,Ru3Fe,111
-0.2244962298636608,-0.2277457,Ru3Fe,111
-0.4449698007583436,-0.32279602,Ru3Fe,111
-0.2955233840611697,-0.19029032,HgRh,101
1.129916387840268,0.20178397,HgRh,101
0.0716354647420587,0.10082158,Y3Sc,111
-0.1400964492595164,0.3267417,HgRh,101
-0.1741815647537521,-0.021515101,Cu3Y,111
0.1971263396490314,0.24113102,Cu3Y,111
0.5614006455444098,0.5019361,Cu3Y,111
-1.5756398079155929,-1.4014238,Re3Ta,111
-0.1859858630550377,-0.49867973,Re3Y,111
-0.7832596842553983,-0.65278757,Re3Y,111
-1.461829827514464,-1.4008878,Tc3Ta,111
-0.4762435722577436,-0.16455597,BiIr,101
-0.8050686559572284,-0.63697016,HfRu,101
0.135212277943566,-0.10607211,CdNb,101
0.1637329375453475,-0.006622534,Fe3Tl,111
0.0215194426428126,-0.3711265,CdNb,101
-0.7547314054563401,-0.7438257,HgTa,101
0.0178418241421525,-0.4766978,CdNb,101
-0.3804834471210938,-0.4266562,Cu3Ni,111
-1.5094628109126802,-1.4443605,HgTa,101
-1.4607650461165915,-1.343224,NbRh,101
0.9162630780793392,0.5734881,Zn3Al,111
1.0041436028860176,0.6041928,Zn3Pb,111
-1.7541040363193474,-1.8822604,CrNb,101
-0.9454715055161956,-1.0508208,GaV,101
-0.1364146129589869,-0.005393824,Ru3Os,111
-0.0881267877584548,-0.12009477,Au3Mo,111
-0.1919620271573592,-0.1518923,Au3Mo,111
-0.1593976198628013,-0.100397445,Pd3Fe,111
0.1809777439421225,-0.063112415,FePb,101
0.1574377200386436,0.34521326,FePb,101
0.3865416535418546,0.38666424,AgAl,101
0.3565099457419194,0.42024565,AgAl,101
-0.2861415791548722,-0.14285217,CoZn,101
-0.5260205403155283,-0.55146646,PtRu,101
0.3201250601423737,0.13612485,AuFe,101
-0.1319357552556255,0.08751653,AuFe,101
0.7345117144405151,0.8733922,In3Sc,111
0.5055986689449412,0.54184437,AuFe,101
0.4559391178418366,0.36623713,In3Sc,111
0.7090058040421638,0.36669305,Pt3Ti,111
0.4200439011447372,0.5847374,AuFe,101
0.2708214340428014,0.27133155,La3Zn,111
-0.5493334853590284,-0.7194169,GaTa,101
0.6438431113429317,0.61784095,Cd3Pt,111
0.5236505648918239,0.5210938,Al3Hf,111
0.3647111847022017,0.21156968,Al3Hf,111
-0.9585282076577356,-0.98105717,Y3Sc,111
-1.1533185860562014,-1.0358565,Sc3Pd,111
-1.667775376719817,-1.6720703,Mo3Re,111
1.0575848560711734,0.89437944,Zn3Ag,111
0.4814727838839303,-0.1069021,Hg3Fe,111
-0.6290764457580451,-0.5608349,ReZn,101
-0.1956902588562741,-0.28472346,ReZn,101
0.6660311376445236,0.7477027,SnTl,101
-0.6064969836579337,-0.5831279,Tc3Co,111
1.066612504686475,0.8477742,TlZn,101
-1.607606653318669,-1.3132954,AgY,101
-0.6819770086576398,-0.47761375,Tc3Pt,111
-0.6978469598606978,-0.5491844,Tc3Pt,111
0.4224809526431556,0.62497675,Pb3Zn,111
-1.3956939197213956,-1.2483203,Tc3Pt,111
-1.1171633645189445,-1.1164978,Tc3Hg,111
-1.0551045383162432,-1.1207327,Re3Ga,111
-0.3147166614571404,-0.14416772,CdNi,101
-0.2831654700557635,-0.21041372,Ir3Ta,111
0.4964001327435028,0.47458717,Ir3Ta,111
0.526165168842482,0.25730255,Al3Ni,111
0.620788538502012,0.41676983,Al3Pd,111
0.4386402969021503,0.46198103,Al3Au,111
0.3352901004118678,0.3877878,Al3Au,111
0.0479245532415291,0.27644557,Ga3La,111
1.0817035300433702,0.905379,Ag3Pb,111
-0.0128088065602867,0.018222218,Cu3Pt,111
0.3302864711377253,0.21071112,Cu3Pt,111
-0.0396401834577488,-0.026142197,Ta3W,111
-0.1272951258642649,-0.05879129,Cu3Pt,111
-0.0704204763560198,-0.48235008,Re3Cd,111
-0.158058683758071,-0.06683457,Cu3Pt,111
-0.6061296299585308,-0.6171685,Re3Cd,111
-0.5997914183598994,-0.5829086,Co3Ti,111
-0.1357303827598741,-0.1348137,CoOs,101
-0.1582652181595847,-0.26548952,OsRu,101
-0.2783349052615165,-0.15366508,CoOs,101
-0.0930217075574262,-0.16879474,PtRu,101
-0.0846980173582494,-0.1817824,PtRu,101
-0.2627947560604013,-0.20215936,PtRu,101
-0.2210067780606266,-0.20461953,PtRu,101
0.0988678012445518,-0.2676212,MoZn,101
0.410906862680406,0.43642092,In3Ni,111
-0.3870200295559414,-0.22676384,IrPt,101
-0.560364027913181,-0.62797904,Pt3Bi,111
-0.019364164914748,0.03318779,CdPd,101
0.1602720577220964,0.104073256,Al3Mo,111
0.1619212036421515,0.11117332,Al3Mo,111
0.1472798464319851,0.0065967585,Al3Mo,111
-0.2091804384571958,-0.26229665,LaMn,101
-1.5377090435194418,-1.4456241,HfNi,101
0.1753109732390214,0.17801483,Pd3Rh,111
-0.102202692461077,-0.05133785,Pd3Rh,111
0.8068531785311563,0.4132116,Al3Pd,111
0.1420657370408946,0.1328554,Cu3Ni,111
-0.7266028618605276,-0.44286862,Os3La,111
-0.6335724466580075,0.093046136,Cr3La,111
-0.8967842171577729,-0.38471624,HfLa,101
-0.821534672558272,-0.71341324,HfLa,101
-0.3621407973577959,-0.53115755,CrRe,101
-0.7844831080574011,-0.79167217,Cr3Ru,111
-0.8355762908604163,-0.8346579,Cr3Ru,111
-0.6423248522578149,-0.752761,Cr3Ru,111
-0.7930961913579893,-0.74634,Mo3Ru,111
-0.7376701398561352,-0.80569994,Mo3Ru,111
-0.6594310165555441,-0.7560634,Mo3Ru,111
-0.6684198890570485,-0.74072844,Mo3Ru,111
-0.5868456024608975,-0.56337625,InNb,101
0.5369757075432346,0.6642498,Tl3Au,111
0.1396720877465043,0.06684276,CoZn,101
0.1224879627416442,-0.34424984,InNb,101
-0.2393981360573605,0.12962238,CdPt,101
0.1357694310436557,0.4180822,CoZn,101
1.2334069950384503,0.52830863,InNb,101
0.1226676939413948,-0.2503292,InNb,101
-0.8740623033208408,-0.7371567,Ru3Rh,111
-0.8899396015166872,-0.7999436,Ru3Fe,111
-0.8046272873161229,-0.6924606,Ru3Pt,111
-1.4453478925260583,-1.3200519,AgW,101
-1.6108516107105402,-1.2908189,HfRu,101
-1.4653621373199144,-1.4764649,CdNb,101
-0.701146748257969,-0.70858485,ScZn,101
-1.1548376616583198,-1.0695382,Sc3Zn,111
-1.159178149459848,-1.0958285,Sc3Zn,111
-0.3085979097586175,-0.29001033,BiSc,101
-0.5458151894590344,-0.64910364,CrZr,101
-0.5583373240578737,-0.43809295,InSc,101
0.4253427739395476,-0.09216005,InSc,101
0.4138184807425489,-0.016967837,InSc,101
-0.7644547131594379,-0.74144316,MoZr,101
0.4121257966408223,-0.15925856,InSc,101
-0.8703640042576524,-0.8302274,MoZr,101
-0.7387769629594629,-0.710769,TcZr,101
-1.0970574172597196,-0.9958097,Zr3Rh,111
0.090786292342301,0.27961877,AlMn,101
-0.3018482620563816,-0.24715655,Ir3Mn,111
-0.9586050798561416,-0.9226832,Sc3Nb,111
1.250746224942333,0.85524416,Pd3Pb,111
-0.6656460966578095,-0.5845081,MoRu,101
-0.6340068763592797,-0.6024998,CrRe,101
-0.9412458495598628,-0.92624384,Ti3Zr,111
-0.6033019589585535,-0.54518527,MoRu,101
-0.8452013654595874,-0.9663134,Ti3Zr,111
-0.5403424359601274,-0.5848622,MoRu,101
-0.5439792373572061,-0.6245609,CrRe,101
0.8437609308430467,0.71684694,InPb,101
0.83675604034309,0.75798637,InPb,101
-0.9064220810605264,-0.8759157,Ti3Zr,111
-0.5429042516579727,-0.5612426,MoRu,101
0.8647315199423531,0.7426952,InPb,101
0.8569596765419476,0.78904516,InPb,101
-1.0112610123605634,-0.88833946,Ti3Zr,111
0.2134728982428271,0.25207675,CrRe,101
0.8926777472416063,0.7554011,InPb,101
0.7697382115411813,0.77446437,InPb,101
0.0634547700774987,0.09756824,Cu3Cd,111
0.641268642282796,0.61168367,Cd3Al,111
0.4839169103406959,0.4233906,AgAl,101
0.3873128241439474,0.36964795,AgAl,101
0.9874717322427672,0.59572244,AgAl,101
-0.2506792955600474,-0.0757094,CdPt,101
0.0982155444444572,-0.07937194,CoZn,101
-1.742991451514115,-1.1633863,Re3Y,111
-1.4532057237210552,-1.0907493,Os3La,111
-1.4846052115153157,-1.3858504,Ru3Y,111
-0.76968188391578,-0.5715053,FeZn,101
-1.3240561419206074,-1.2358707,Re3Co,111
-1.791931397323367,-1.7754266,Mo3Ga,111
-1.6209609121123665,-1.7082832,Mo3Tl,111
1.2555193736789647,1.0970004,CdGa,101
-1.8733198303143013,-1.8425729,Cr3Al,111
-1.944986451917373,-2.0115466,V3In,111
-0.2967337463623778,-0.1300865,Ru3Cu,111
-1.331292193315619,-1.282229,MoRu,101
-0.6297775470584099,-0.5129155,ReZn,101
0.035507726640418,-0.30530223,Re3Hg,111
-0.5835288068583111,-0.6226861,Re3Hg,111
-0.989086999957152,-0.8474237,Mo,111
-0.1624243421528888,-0.46587297,Re3Ga,111
-0.5275522691581216,-0.5284759,Re3Ga,111
-0.4971821878598064,-0.4800277,Tc3Ta,111
-1.0986669707180567,-1.4056078,GaTa,101
0.1500294207408217,0.003376868,Mo,111
-1.9971174769142976,-1.9967684,Sc3Ti,111
-1.95152942911767,-1.9682623,Sc3Nb,111
-1.0305440875217189,-1.0889707,AuMo,101
-0.8885676036579468,-0.8147905,V3Sc,111
0.8141410674407155,0.5334624,V3Sc,111
-0.7774074679163618,-1.2718303,LaMn,101
-0.7460996823191977,-0.5451406,CoOs,101
0.4378815074906583,-0.72699374,AgOs,101
-2.0640618349188458,-1.9043151,W3Hg,111
-2.0879256743118617,-1.9939089,V3Cd,111
-1.6768166311139223,-1.826489,W3Fe,111
0.6488109577412899,0.721702,Ga,111
0.9493072220812452,0.7424001,PbZn,101
-1.374577885717315,-1.2801391,AuZr,101
0.6632304058894647,0.21228303,AlCu,101
0.6664515535422026,0.2938379,Al3Co,111
0.125612237742672,0.16613963,Al3Co,111
-0.0745201434537818,-0.1763771,FeGa,101
0.5995620263356898,0.7652541,Ga3Tc,111
0.7051149844419626,0.20140442,GaPt,101
0.1963097260423012,0.24999021,Al3Co,111
-0.8427703004553848,-0.9003176,Cr3Co,111
-0.4727357527580977,-0.40445915,GaV,101
0.2298253072449654,-0.26941767,GaV,101
-1.1095851302588642,-1.0034059,Y3Cd,111
-0.4370311516604204,-0.28243548,Ru3Rh,111
-0.3581770511582078,-0.29003438,Ru3Rh,111
-0.3162213149580282,-0.28600532,Ru3Rh,111
-0.9812637271597566,-0.9804427,Ti3V,111
-0.2842140607599219,-0.27308097,Ru3Rh,111
-1.0513364419593645,-1.0195779,Ti3V,111
-0.911263938759447,-0.922677,Ti3V,111
0.6108782886449546,0.67822313,Zn3Pb,111
0.64421971694631,0.678789,Zn3Pb,111
0.8576033618419672,0.56998324,In3Al,111
0.4848559751417554,0.68800753,Zn3Sn,111
-0.4714960021210004,-0.6544174,Pd3Al,111
-1.4298395805143969,-1.4217432,Re3Sc,111
-1.231712678110796,-1.1873701,Ru3Nb,111
-0.4037093155593254,-0.620975,Re3Sc,111
-0.1442355728567861,0.22627544,CrTl,101
-0.2589216237601874,-0.48318657,Re3Sc,111
-0.6552354293589531,-0.6638085,Re3Sc,111
1.2569807610425698,0.33802536,CrTl,101
0.0803466449442851,0.20610519,Cu3In,111
-0.6780310858584642,-0.65038973,PdTa,101
-0.0177097128607499,0.26882905,Cu3In,111
-0.7425642432635584,-0.69803476,Mo3Ga,111
-0.8959656986616835,-0.8006459,Mo3Ga,111
-0.3066143359564819,-0.35852662,PdTa,101
0.5104123626825299,0.6339001,In3Al,111
-0.2175656264580254,-0.22981383,Ir3Mn,111
-1.8970922395146204,-1.4131308,LaOs,101
0.2048941012781711,0.06457294,Hg3Sc,111
-0.244403942318911,-0.23870473,Hg3V,111
-0.3543226946594302,-0.36241832,OsRu,101
-0.3349426110571301,-0.33722046,OsRu,101
-0.3943866954568591,-0.40091488,Os3W,111
-0.6620280709603037,-0.50974,Re3Co,111
-0.3428004423576283,-0.44228786,Os3W,111
-0.5806654889592835,-0.56627816,Re3Co,111
-0.4705925841544456,-0.46333176,Os3W,111
-0.1900902921579188,0.05868129,BiNb,101
-1.5861923827159785,-1.6083356,Mo3Ru,111
-1.6009025847142198,-1.7017165,W3Zr,111
-1.0425404983161002,-1.2705677,Re3Os,111
-0.6448678921132682,-0.70277566,Os3Ru,111
-0.1515875445611243,-0.34988838,ScZn,101
-0.7132581270625167,-0.53738636,ScZn,101
-1.165852421657263,-1.0747601,Sc3Sn,111
-0.3938884549561123,0.09845562,Zn3Ir,111
0.4369579531421834,0.18323182,ScZn,101
-1.1436235781575022,-1.0951023,Sc3Sn,111
0.3059306499390288,0.07465252,RhSn,101
-0.410619782514857,-0.48139566,AlRh,101
-0.3526453849171389,-1.1754721,GaRe,101
-1.0320309174594229,-0.8302716,W3Hg,111
0.6278360148362765,0.75959665,Fe3Zr,111
0.0060096341412929,0.1349288,Fe3Sn,111
-0.9492023221600618,-0.8771618,Cr3Cu,111
-0.2847493086582915,-0.19038379,Pt3Au,111
0.7612256743423416,0.3902454,Au3Mo,111
-0.2531710419598028,-0.21703948,Pt3Au,111
-0.0431549418562724,-0.083452225,Cu3Ni,111
0.0317273850387493,0.29492697,Cu3Cd,111
0.3706966007457879,0.3808937,CdCu,101
0.320634321141398,0.5259807,Cd3Al,111
0.9946751297475488,0.74125284,CdCu,101
-0.7758996851170537,-0.9142014,IrRe,101
-0.7850269275131154,-0.6600458,PbTi,101
-0.7586204563176011,-1.0838697,InMo,101
0.542255124041759,0.67776364,Ga3Tc,111
1.18982864404191,0.48354596,W3Hg,111
0.0277869046413172,0.0006452015,Ga3Tc,111
-1.0125391311584906,-0.9694979,Nb3In,111
-0.7321942569569444,-0.55017596,CdNb,101
-0.5232298768559929,-0.5879259,ReV,101
-2.1298725669166174,-2.076579,Y3Ru,111
-1.1904229406599995,-1.0314075,V3W,111
-1.966217861916391,-1.9274343,Y3Nb,111
0.1725033026459925,0.1286904,Pd3Pt,111
-0.3042111625536279,-0.19190976,Pd3Pt,111
0.0188538155425987,-0.25811273,GaIr,101
-1.976837648709932,-1.9092115,Nb3Zr,111
-1.7771352073158937,-1.5642711,V3Sc,111
0.1779687091448352,0.2196023,Sc3Pd,111
-0.6909913237568333,-0.6952853,La3Zn,111
-0.6709029277580782,-0.6716002,La3Zn,111
-0.647101130357413,-0.5878404,Cr3La,111
-0.5359628997566404,-0.65154976,Tc3La,111
-0.2746666746561175,-0.31451908,Ir3Ta,111
-0.3609270335573171,-0.38121337,Ir3Ta,111
-1.574759791712438,-1.2672206,Hg3Os,111
-0.5296676821143933,-0.44555008,Pb3Hf,111
-0.2502630973157806,-0.09876816,Pb3V,111
-0.3652717391213969,-0.14352195,Pb3Cr,111
-0.0418433531585549,-0.465867,GaTa,101
-1.294202260714826,-0.95427716,Cr3La,111
-0.2313333621595745,0.07066696,CrRe,101
