material,actual_log,predicted_log,actual_rate,predicted_rate
CS @ Au/ZnO,3.377306251068199,2.664096,2384.0000000000014,461.41968
CIS,1.4902394852462872,3.0289316,30.919999999999995,1068.8866
ZCS-N2,4.1525940779274695,2.7531643,14209.99999999999,566.45355
Ce6,2.0362295440862948,3.2666533,108.70000000000006,1847.793
Ce6,3.0621305346221233,3.2666533,1153.7999999999993,1847.793
Ce6,1.667452952889954,3.2666533,46.50000000000001,1847.793
CuMgCe,2.4838724542226736,3.0623379,304.7,1154.351
CuMgAl,2.4459154139511234,2.5257745,279.2,335.56332
Bi2MNbO7,3.9030899869919438,2.5184836,8000.000000000003,329.97696
Bi2MNbO7,3.1760912590556813,2.5184836,1500.0000000000005,329.97696
ReS2,3.1473671077937864,3.296979,1403.9999999999995,1981.431
2P-MoS2 @ WO3,1.6998377258672457,3.106395,50.099999999999994,1277.6002
2P-MoS2 @ WO3,1.5763413502057928,3.106395,37.699999999999996,1277.6002
Co-MnO2 @ CdS/CoS-3,5.049992856920142,3.9636884,112199.99999999996,9197.894
PTCN,2.2648178230095364,3.0340383,183.99999999999997,1081.5293
BCN,2.0293837776852097,2.4978402,107.00000000000001,314.659
Cu2O,2.4216039268698313,2.0338352,264.0000000000001,108.10236
Ba-CN,3.4383809416115025,2.7880085,2743.9799999999996,613.7739
AgIn)0.5ZnS2,5.440909082065217,2.7934458,275999.9999999997,621.5067
BaTiO3,2.19506899646859,2.5431993,156.6999999999999,349.30057
BaTiO3,1.7062055418819706,2.5431993,50.84,349.30057
ZnS/Zn-In,1.69284691927723,2.8420563,49.3,695.1144
Pd [,2.982361701633147,2.8228374,960.2000000000005,665.02405
graphene oxide,2.6865737120538817,3.0073571,485.93000000000006,1017.0847
BCN,1.9344984512435677,2.479774,85.99999999999999,301.83804
Au,2.3218054838575393,3.060953,209.8000000000001,1150.6757
Au,2.5190400386483445,3.060953,330.3999999999999,1150.6757
CuO/CF/TiO2,3.3010299956639813,3.4424994,2000.0000000000002,2770.1252
CoTiO3/g-C3N4,2.9334872878487053,2.9741042,857.9999999999997,942.11554
DCDA,4.113943352306837,2.4904144,13000.000000000005,309.32452
Pt/g-C3N4,2.8182258936139557,2.8174663,658.0000000000003,656.85004
Au,3.683947130751512,3.0457017,4830.0,1110.9684
MT-20,1.2833012287035497,2.609406,19.200000000000003,406.82346
Na2Ta2O6-2,4.806858029518818,3.6531036,64100.00000000004,4498.8716
SNO/CdS,2.8356905714924254,3.3439445,684.9999999999998,2207.7227
TEA,3.525044807036845,1.9656737,3349.9999999999995,92.40036
MMT/Ni8.14Co6.4,3.9395192526186187,3.106395,8700.000000000004,1277.6002
CCN20,2.7496590320949,2.5421348,561.9000000000002,348.44543
Ag3PO4,2.0978470774233364,2.8447945,125.26999999999994,699.5109
NYF @ Ag3PO4 @ BP-2,2.1641445824701777,2.0247967,145.92999999999998,105.8758
Au,3.277081782125646,3.007779,1892.6999999999998,1018.07294
CN-FeOOH,0.8202014594856403,2.3055484,6.61,202.09167
2.7-CaSnO3,1.9885589568786155,2.7846851,97.39999999999999,609.0951
2.7-CaSnO3,2.255995726722402,2.7846851,180.29999999999993,609.0951
Zn0.9Cd0.1S,3.6434526764861874,3.3377786,4400.0,2176.5996
UiO-66-NH2,3.4409090820652177,3.0412805,2760.0,1099.7158
UiO-66-NH2,2.531478917042255,2.6400576,339.99999999999983,436.5737
CZTS,1.7371926427047373,2.9741042,54.60000000000001,942.11554
CZTS,1.8095597146352678,2.9741042,64.5,942.11554
Ni2P–CdS,4.835500327867319,4.1666226,68470.0,14676.505
ZCS-3,3.691435152144062,3.171806,4913.999999999999,1485.2723
RCF0,2.292256071356476,2.410961,195.99999999999994,257.60892
graphene oxide,5.499274581892218,3.2255971,315700.0000000003,1681.1139
Au,4.336459733848529,3.2905276,21699.99999999998,1952.2147
Au,4.012837224705172,3.2905276,10299.999999999995,1952.2147
Au,4.230448921378274,3.2905276,17000.000000000007,1952.2147
Au,4.518513939877887,3.329823,32999.99999999997,2137.091
CdS/Au,3.7371926427047373,3.6701758,5460.000000000001,4679.2446
CFP-20,0.9912260756924949,2.4009504,9.8,251.73895
Pt-CdS-500,3.0090257420869104,3.1799848,1021.0000000000005,1513.5083
Cu(OH)2,3.9222062774390163,2.8706517,8359.999999999998,742.4235
Pt/g-C3N4,3.8530895298518657,2.4928317,7130.000000000002,311.05106
BCN,1.919601023784111,2.5978885,83.10000000000001,396.17627
C–TiO2,1.3010299956639813,2.8682837,20.000000000000004,738.3865
BCN,1.6464037262230695,2.4590638,44.3,287.7821
In2O3,3.3510228525841237,2.1771758,2243.9999999999995,150.37503
In2O3,2.27415784926368,2.1771758,188.00000000000009,150.37503
In2O3,2.727541257028556,2.1771758,533.9999999999998,150.37503
Cu2Ocube,1.307496037913213,2.146299,20.300000000000004,140.05508
Cu2Ocube,0.9731278535996987,2.146299,9.4,140.05508
Pt/g-C3N4,2.8981764834976764,2.5730467,790.9999999999998,374.1508
SiC,2.437750562820388,2.2938728,274.0,196.73102
SiC,1.8388490907372552,2.2938728,68.99999999999999,196.73102
Au/C-In2S3,1.513217600067939,3.0523422,32.599999999999994,1128.0859
2-NTC/ZCS,4.541579243946581,2.9738932,34799.999999999985,941.65796
2-NTC/ZCS,4.494154594018442,2.9738932,31199.99999999997,941.65796
2-NTC/ZCS,4.574031267727719,2.7981982,37500.0,628.3451
2-NTC/ZCS,4.552668216112194,2.7981982,35700.00000000004,628.3451
nitrogen,3.797959643737196,2.834877,6279.999999999999,683.718
nitrogen,3.5774917998372255,2.834877,3780.000000000002,683.718
Ga1−xZnxO1−zNz,1.216165902285993,2.4846978,16.449999999999996,305.2796
Ga1−xZnxO1−zNz,1.5109469486729727,2.4846978,32.43,305.2796
CdS @ W18O49,4.069372054308515,2.6679347,11732.0,465.51605
C,3.505149978319906,1.8520349,3199.9999999999986,71.127075
4NiS/ZCS,3.6181527333785195,2.7945256,4151.000000000001,623.0539
SrTiO3(300),3.7781512503836434,2.9741042,5999.999999999997,942.11554
Ga2BiSbO7,2.2592521376944643,2.106195,181.6570000000001,127.701195
Ga2BiSbO7,1.4196088349081029,2.106195,26.278999999999996,127.701195
Ga2BiSbO7,1.3286649614415251,2.106195,21.313999999999997,127.701195
Ga2BiSbO7,1.1551233937107124,2.106195,14.293000000000001,127.701195
Gd2BiSbO7,1.9769411708189513,2.4036481,94.82899999999998,253.30756
Gd2BiSbO7,1.6376298019155644,2.4036481,43.413999999999994,253.30756
CLT,2.7558748556724915,2.9741042,570.0000000000001,942.11554
Ti,3.0043213737826426,2.8274493,1010.0000000000001,672.1239
SiC,-0.07058107428570728,2.4207733,0.85,263.49554
C,2.292256071356476,2.1027112,195.99999999999994,126.680916
MT500,1.4065401804339552,2.5603378,25.500000000000004,363.36057
Ti,1.9030899869919435,2.7064166,79.99999999999999,508.64713
Ti,2.0791812460476247,2.7064166,119.99999999999996,508.64713
Ti,2.4471580313422194,2.7064166,280.0000000000001,508.64713
Cu9S5,4.164055291893452,3.16885,14590.00000000001,1475.1968
CoP,3.12057393120585,3.0573666,1320.0000000000005,1141.2128
Co3O4,2.342422680822206,3.0719795,219.99999999999997,1180.2649
Co3O4,2.278753600952829,3.0719795,189.99999999999994,1180.2649
Mn0.8Cd0.2S,3.6020599913279625,3.5224714,4000.000000000001,3330.2085
Mn0.8Cd0.2S,3.0791812460476247,3.5224714,1199.9999999999995,3330.2085
NiSCN,3.3056307759969656,3.1641543,2021.3000000000006,1459.3326
CeO2/ZnIn2S4hybrid,3.1749315935284423,2.9741042,1495.9999999999993,942.11554
CdS-5,4.386142108930819,2.7585797,24330.000000000007,573.56116
CdS-4,3.6646419755561257,3.1308622,4620.000000000002,1351.6438
CdS-4,4.198931869932209,3.1308622,15809.999999999995,1351.6438
CdS-4,4.225825991461893,3.1308622,16820.0,1351.6438
CdS-4,4.292477593667784,3.1308622,19610.000000000004,1351.6438
CdS-4,4.3044905277734875,3.1308622,20159.999999999993,1351.6438
Zn,2.348888723071438,2.6793785,223.29999999999998,477.94565
Cu–TiO2,3.728597243383432,3.3015318,5353.000000000002,2002.3121
Ni(OH)2-CT,3.93379088414342,3.4254413,8585.999999999998,2663.43
Ni(OH)2-CT,3.8195439355418688,3.4254413,6600.000000000002,2663.43
ACN,3.101997820353137,2.6794639,1264.7300000000005,478.03958
Pd,2.6434526764861874,2.770057,440.0,588.92084
NiO/ZCS-3,4.315970345456917,2.9870365,20699.99999999998,970.5915
NiO/ZCS-3,4.20682587603185,2.9870365,16100.000000000011,970.5915
Au,2.5185139398778875,2.8213313,330.00000000000006,662.7218
Ti-Cu 1.0,3.2041199826559246,2.7565398,1599.9999999999993,570.8734
Ti-Cu 1.0,3.325925955771466,2.7565398,2118.0,570.8734
Ti-Cu 1.0,3.409087369447835,2.7565398,2564.9999999999995,570.8734
Ti-Cu 1.0,3.5871494982543437,2.7565398,3865.0,570.8734
Ti-Cu,2.537819095073274,2.7565398,344.9999999999999,570.8734
Ti-Cu 1.0,3.4709394375650504,2.7565398,2957.6000000000004,570.8734
S2−,3.1209028176145273,3.0777164,1321.0000000000002,1195.9591
BiVO4/Au/CdS,2.5415792439465807,3.1905944,347.9999999999999,1550.938
BN/CdS,2.663700925389648,2.7259734,460.99999999999983,532.0756
CdS/BN,4.2262905051834165,2.7259734,16838.000000000004,532.0756
Pt/Cd1−xZnxS/ZnO/Zn(OH)2,3.531478917042255,3.0950506,3399.999999999998,1244.6595
Au/TiO2-P25,2.4771212547196626,3.7696478,300.0000000000001,5883.6636
Au/TiO2,2.57978359661681,3.0592322,379.99999999999994,1146.1257
CoFe2O4,1.4471580313422192,2.1990786,28.0,158.15341
ACN,3.344902908055406,2.9782152,2212.6,951.076
CdS/Pt,3.873320601815399,3.7717295,7470.000000000003,5911.9326
CdS/Pt,4.546912643181242,3.7717295,35229.999999999985,5911.9326
CuS–CN,1.0681858617461617,2.8077464,11.700000000000001,642.31256
CuS–CN,2.20194306340165,2.8077464,159.19999999999996,642.31256
CdS-WS2,4.786041210242554,4.222051,61099.99999999997,16674.436
NiSe2,5.08282126093933,3.1699007,121010.00000000012,1478.77
Cu(OH)2,3.533772058384718,3.00323,3417.9999999999986,1007.4653
Cu(OH)2,4.17435059747938,3.1743584,14940.000000000007,1494.0267
NZCN20,4.112001395486189,2.787424,12942.000000000007,612.9486
WCNH,3.012837224705172,2.50543,1029.9999999999995,320.20636
Ni3C,3.4365760639990603,3.4072967,2732.600000000001,2554.4456
"2,4-dinitrophenol",1.9822712330395684,2.5660815,96.0,368.1981
TiO2-500/Pt,2.569572866897649,3.0914938,371.1700000000002,1234.5078
TiO2-500/Pt,2.176814480674777,3.0914938,150.25,1234.5078
indium,2.5599066250361124,2.9255776,362.99999999999994,842.515
PDI-1,3.12057393120585,4.1516767,1320.0000000000005,14180.014
nitrogen,3.1061908972634154,2.7269988,1277.0000000000002,533.33344
In2O3,2.963787827345555,2.7303507,919.9999999999997,537.46564
Au,3.0507663112330423,3.4895544,1124.0,3087.1265
Au,3.1818435879447726,3.0364907,1520.0000000000002,1087.6537
EtOH:H2O,4.502427119984433,3.7589712,31800.000000000025,5740.784
Au/WO3,2.674594789734439,1.8741318,472.7099999999998,74.83965
SrZrO3,2.5185139398778875,2.6936162,330.00000000000006,493.874
THP,3.298853076409707,3.1086557,1990.0000000000007,1284.2681
THP,2.505149978319906,3.1086557,319.9999999999999,1284.2681
THP,2.0,3.1086557,100.0,1284.2681
SH-500,1.2857822737793947,2.5811944,19.31,381.23645
SH-500,1.0326187608507198,2.5811944,10.779999999999998,381.23645
TiO2 @ MoS2,2.2336052191622717,2.8251762,171.23999999999998,668.61523
Zn,2.348888723071438,2.6793785,223.29999999999998,477.94565
H2Ti3O7,2.0170333392987803,3.1211684,103.99999999999997,1321.808
H2Ti3O7,3.24551266781415,3.2465622,1760.0000000000005,1764.2587
Pd,4.3560258571931225,2.9640574,22699.99999999999,920.57135
nitrogen,3.720159303405957,2.8401673,5250.000000000002,692.09753
Au,2.5276299008713385,2.9511766,336.99999999999994,893.6689
Au,2.3010299956639813,2.9511766,200.00000000000003,893.6689
NiS2,3.3979400086720375,3.1086023,2499.9999999999995,1284.1101
Pt/g-C3N4,3.082066934285113,2.3160615,1208.0,207.04346
TCPP1/g-C3N4/g-C3N4,1.4771212547196624,2.3160615,29.999999999999996,207.04346
PbS,3.3010299956639813,2.6949508,2000.0000000000002,495.39407
PbS,4.477121254719663,2.6949508,30000.00000000001,495.39407
Pd,4.5301996982030825,2.9324381,33900.00000000003,855.92975
Pd,3.6532125137753435,2.9324381,4499.999999999998,855.92975
Au,2.9867717342662448,3.3467827,969.9999999999998,2222.1975
Au,3.724275869600789,3.3467827,5300.000000000002,2222.1975
Au,3.8260748027008264,3.3467827,6700.0,2222.1975
Pd,4.348304863048161,2.9324381,22300.0,855.92975
Na2S/Na2SO3,2.759969857554307,2.8851664,575.3999999999997,767.6556
Cu2O,3.037426497940624,1.940466,1090.0000000000005,87.18987
In2O3,2.0143440970387076,1.8574907,103.35799999999998,72.02623
In2O3,2.9854345580829174,1.8574907,967.0179999999999,72.02623
SnO2/Pt/In2O3,2.985435456295842,1.7224412,967.0200000000004,52.776573
Pt/In2O3,2.868556277657932,1.982259,738.8500000000001,95.99731
Pt/In2O3,2.791571359517702,1.982259,618.83,95.99731
Ti3C2/Cd0.5Zn0.5S,4.1482940974347455,3.6998312,14069.999999999995,5009.9253
Au,4.008600171761918,3.3292027,10200.00000000001,2134.0405
Ti3 +,3.4742162640762553,2.1941147,2980.0000000000005,156.35605
Ti3C2Tx/UiO-66-NH2,3.296665190261531,2.387572,1979.999999999999,244.1024
TiO2/Au,1.5477747053878226,2.7172284,35.300000000000004,521.4689
TiO2/Au,1.271841606536499,2.7172284,18.700000000000003,521.4689
CoP-CdS,5.4048337166199385,4.5026927,254000.00000000026,31819.451
fluorine,2.66661156841903,2.8838768,464.1000000000002,765.37946
NiSx,4.552668216112194,2.9355512,35700.00000000004,862.08716
NiOx/InTaO4,0.3222192947339193,2.7738945,2.1,594.1478
NiOx/InTaO4,0.2741578492636798,2.7738945,1.88,594.1478
NiOx/InTaO4,0.20682587603184974,2.7738945,1.61,594.1478
NiOx/InTaO4,0.07554696139253074,2.7738945,1.19,594.1478
TiO2 @ ZIF-8,1.8727388274726688,2.5398448,74.60000000000001,346.61295
TiO2 @ ZIF-8,2.417803722639881,2.5398448,261.7,346.61295
CNM,3.323252100171687,2.8174663,2104.9999999999995,656.85004
CNM,3.9118497964994203,2.8174663,8163.000000000004,656.85004
K2La2Ti3O10,2.1024337056813365,2.0074956,126.60000000000005,101.74091
K2La2Ti3O10,1.7442929831226763,2.0074956,55.500000000000014,101.74091
CGS,2.219322508419337,2.3837562,165.70000000000005,241.96701
SnO2/V2O5,3.1290450598879582,1.7053801,1346.0000000000005,50.74346
sodium sulfite,1.816241299991783,2.834877,65.49999999999999,683.718
Pd/TiO2,4.676693609624866,3.8195498,47499.99999999998,6600.089
Au,2.658964842664435,3.2905276,455.9999999999998,1952.2147
Zn0.2Cd0.8S/P-C3N4-80,1.2467447097238413,2.272125,17.65,187.12207
Zn0.2Cd0.8S/P-C3N4-80,1.380211241711606,2.272125,23.999999999999993,187.12207
Zn0.2Cd0.8S/P-C3N4-80,1.6690378008851559,2.272125,46.669999999999995,187.12207
Zn0.2Cd0.8S/P-C3N4-80,1.826593053934048,2.272125,67.07999999999998,187.12207
TiO2 @ Ti3C2Tx,2.934498451243568,2.938843,860.0000000000003,868.64636
TEA,2.5425764762605296,2.9225137,348.8,836.59204
TEA,1.1986570869544226,2.4941459,15.8,311.9937
ammonium oxalate,3.5943925503754266,2.6813188,3929.999999999999,480.0857
g-C3N4/P25,2.3636119798921444,2.7665231,231.00000000000009,584.14825
CdTe,4.4361626470407565,3.7466307,27300.000000000025,5579.9546
Cu2O,2.0361496297458532,1.4508859,108.68000000000002,28.241379
Cu2O,1.2695129442179163,1.558431,18.599999999999998,36.176872
Ag3PO4,3.8195439355418688,2.5744922,6600.000000000002,375.39822
MoxS @ TiO2 @ Ti3C2,3.175859573543703,3.1986082,1499.2000000000005,1579.822
MoxS @ TiO2 @ Ti3C2,3.807528263304612,3.1986082,6419.9,1579.822
MoxS @ TiO2 @ Ti3C2,4.021429128836864,3.1986082,10505.799999999992,1579.822
ReS2,4.386623796125078,2.4800215,24357.000000000007,302.0101
TiO2-CdS,2.2629254693318317,3.1378906,183.20000000000005,1373.6959
CSACN,2.770122668145255,2.7482889,589.0099999999998,560.13007
PdAg/CdS,3.2008231487109304,3.4300628,1587.9000000000005,2691.9238
Ni3C,3.5198411142567365,3.0691624,3310.099999999998,1172.6337
Au/P25 TiO2,4.437750562820388,3.9676213,27399.999999999996,9281.567
CN-,3.406028944963615,2.6920285,2546.999999999999,492.07184
CN-,3.4424797690644486,2.6920285,2770.0000000000005,492.07184
Au–Pt/TiO2,3.230448921378274,2.8817117,1700.0000000000007,761.57336
Ti,2.887617300335736,2.792183,771.9999999999997,619.702
Au,1.2405492482825997,3.049808,17.4,1121.5226
ZrO2 @ TiO2-500,4.598790506763115,3.1187773,39700.00000000001,1314.5504
Cu2O,2.6989700043360187,2.3119068,499.99999999999994,205.0722
Cu2O,2.3010299956639813,2.3119068,200.00000000000003,205.0722
Cu2O/TiO2,3.7075701760979363,2.8399978,5099.999999999999,691.82745
Au/P25 TiO2,4.506505032404872,3.7696478,32100.00000000002,5883.6636
Au/P25 TiO2,4.376576957056512,3.7696478,23800.00000000002,5883.6636
CM,2.692935002531138,3.106395,493.1000000000001,1277.6002
NixCo1-xO @ C/CdS,2.7781512503836434,3.1608107,599.9999999999997,1448.1405
NixCo1-xO @ C/CdS,4.748188027006201,3.1608107,56000.00000000004,1448.1405
Sr2FeTaO6/NaTaO3,3.12515582958053,3.074002,1333.9999999999993,1185.7742
Bi2.0NTi,2.457124626303409,2.7103317,286.50000000000017,513.25323
PZG-2,3.0342272607705505,3.106395,1081.9999999999995,1277.6002
Calix-3/Pt @ UiO-66-NH2,3.184123354239671,2.8174663,1527.9999999999995,656.85004
CP-1/TiO2,3.963787827345555,3.15722,9199.999999999996,1436.2164
CP-1/TiO2,3.6532125137753435,3.15722,4499.999999999998,1436.2164
ZS-G0.02,4.064457989226918,2.938843,11599.99999999999,868.64636
CeO2/g-C3N4,2.724275869600789,2.8174663,530.0000000000001,656.85004
Cd0.5Zn0.5Se-,3.6881527555915663,3.3348792,4877.0,2162.1167
Cd0.5Zn0.5Se-,4.1013001804676845,3.3348792,12626.999999999993,2162.1167
ARM-5,3.4345689040341987,2.8493323,2720.0,706.8583
TiO2 @ MoS2,2.3010299956639813,2.8513048,200.00000000000003,710.0759
TiO2 @ MoS2,2.2041199826559246,2.8513048,159.99999999999991,710.0759
Mo-g-C3N4,1.255272505103306,2.8135304,17.999999999999996,650.9242
Mo-g-C3N4,1.7993405494535817,2.8135304,63.0,650.9242
Mo-g-C3N4,1.8976270912904414,2.8135304,78.99999999999999,650.9242
Na,2.519827993775719,2.8608778,331.0000000000001,725.9016
BCN,1.9106244048892012,2.5978885,81.39999999999999,396.17627
SnOx,1.6020599913279623,3.0910263,39.99999999999999,1233.1794
Au,2.7520484478194387,3.059717,565.0000000000002,1147.4055
NiSe2,4.013258665283517,3.2180614,10310.000000000004,1652.1956
MIL-88 A,3.8852198251151067,2.854152,7677.500000000003,714.7464
TiM @ ZIS/CdS,3.374198257929083,2.8250072,2367.0,668.35504
Pt/g-C3N4,3.13481437032046,2.72944,1363.9999999999998,536.3397
NiSe2,3.826722520168992,3.1194692,6710.0,1316.6464
6 V–CuWO4,2.505149978319906,2.7846851,319.9999999999999,609.0951
WS2,2.0043213737826426,3.0368063,101.00000000000001,1088.4446
CuNi5:5/CQDs3,1.7017406324372124,2.5474453,50.319999999999986,352.73236
CuNi5:5/CQDs3,0.9153998352122699,2.6096666,8.23,407.06766
Au/SrTiO3,1.8825245379548805,2.9539404,76.30000000000001,899.37415
TiO2 @ MoS2,3.225309281725863,3.0250702,1680.0,1059.4249
KMnO4,4.110589710299249,2.8361094,12899.999999999995,685.66095
PtNP-CN620,4.311753861055754,2.654529,20499.999999999996,451.36627
PtSA,3.4800069429571505,2.9555097,3019.999999999999,902.6298
Pt/g-C3N4,1.801403710017355,3.2006612,63.29999999999998,1587.3079
Bi2O3/MoS2,1.0,2.1282585,10.0,134.35643
Bi2O3/MoS2,0.9590413923210935,2.2302392,9.099999999999998,169.91791
Bi2O3/MoS2,0.7923916894982539,2.2302392,6.2,169.91791
Bi2O3/MoS2,0.8976270912904415,2.2302392,7.900000000000001,169.91791
CO2,3.9822712330395684,2.5993357,9600.0,397.49866
CO2,3.3979400086720375,2.5993357,2499.9999999999995,397.49866
MoS2/C60,2.6989700043360187,3.2277389,499.99999999999994,1689.4248
WS2,2.9684829485539352,2.9178488,930.0000000000002,827.654
Ag3PO4,3.5933303805230623,2.768883,3920.4000000000005,587.33105
TiO2/Ti3C2,2.8937617620579434,2.8343399,783.0000000000001,682.87286
NYTiO2-Pt-2.0,2.806179973983887,3.2271729,639.9999999999999,1687.2244
TiO2-Pt,3.673020907128896,3.3432078,4710.0,2203.981
NYTiO2-Pt,4.217483944213907,3.3857973,16500.000000000015,2431.0688
ZnO/Ni,3.767897616018091,2.5450165,5860.000000000002,350.76523
CdS-ZnIn2S4,3.4874212113594742,2.9644616,3071.999999999999,921.42834
CdTe,2.665806052941406,3.6729898,463.23999999999995,4709.663
Pt/g-C3N4,3.5330090224954853,3.227385,3411.999999999999,1688.049
NiCoP,3.5109469486729727,3.1503792,3242.9999999999995,1413.7714
CZV10,2.1116992775735506,2.9741042,129.33,942.11554
CZV10,2.567167577177018,2.9741042,369.1199999999999,942.11554
CZV10,2.355834495884936,2.9741042,226.9,942.11554
Pt/STO,3.0569048513364727,2.719904,1140.0000000000002,524.6914
g-C3N4-U,1.9344984512435677,2.7787368,85.99999999999999,600.8095
Ce6,1.510545010206612,2.9757533,32.39999999999999,945.6998
Ce6,1.7474118078864234,2.8995178,55.900000000000006,793.4467
Ce6,0.38021124171160603,2.8995178,2.4,793.4467
Ce6,0.25527250510330607,3.3942604,1.8,2478.908
NiS2,2.8943160626844384,3.390569,784.0,2457.9268
TAC,3.5440680443502757,3.1298544,3500.0000000000005,1348.5109
Cu2O,1.7323937598229686,1.6575565,54.000000000000014,45.45237
KTaO3,0.5563025007672873,1.5645428,3.6,36.68958
KTaO3,0.3010299956639812,1.5645428,2.0,36.68958
Pt-HPT-300,2.189209489582306,2.4950883,154.60000000000002,312.6715
Zn/Cd,3.2846562827885157,2.7993922,1926.0,630.07495
Zn/Cd,3.1119342763326814,2.7993922,1293.9999999999993,630.07495
Zn/Cd,2.9390197764486663,2.7993922,868.9999999999997,630.07495
Zn/Cd,2.367355921026019,2.7993922,232.99999999999994,630.07495
Zn/Cd,2.0863598306747484,2.7993922,122.00000000000004,630.07495
Zn/Cd,1.3010299956639813,2.7993922,20.000000000000004,630.07495
Zn0.6Cd0.4S,2.61066016308988,2.987279,408.00000000000006,971.1335
nitrogen,2.6127838567197355,2.9094722,409.99999999999994,811.8433
NiS/Cd0.4Zn0.6S,3.0791812460476247,4.043337,1199.9999999999995,11049.354
Au,3.6671726724788685,2.9513903,4647.0,894.1086
Nb2O5,2.515873843711679,1.908172,328.0000000000001,80.94164
Nb2O5,2.3891660843645326,1.908172,245.00000000000006,80.94164
F-CN,2.0588054866759067,2.9716384,114.49999999999997,936.7818
N-CN,2.1360860973840974,2.5538223,136.79999999999998,357.94992
C,1.912753303671323,1.8776139,81.79999999999998,75.44212
Cu2O,2.342422680822206,1.9458584,219.99999999999997,88.2792
3S6CCN,1.8494194137968993,2.0613923,70.69999999999999,115.184044
NiCoP,3.885926339801431,3.1776385,7689.999999999999,1505.3536
NiCoP,3.699837725867246,3.0234547,5010.000000000002,1055.4913
NiCoP,3.870403905279027,3.0234547,7419.999999999997,1055.4913
g-C3N4/g-C3N4,3.123851640967086,2.8135304,1330.0,650.9242
[P2W15V3O62]6−,2.9459607035775686,2.3201444,883.0,208.9991
Mo2S12 @ MIL-101,4.337099696361683,2.938843,21732.0,868.64636
Mo2S12 @ MIL-101,4.432680733753522,2.938843,27081.999999999985,868.64636
CO2,2.505149978319906,2.9821186,319.9999999999999,959.66266
Ru/PCN,3.1172712956557644,2.6989477,1310.0000000000005,499.97427
MoO2/MoS2,2.381295623003826,2.073099,240.60000000000005,118.3311
CuS/CdS,3.317331935445897,3.6338542,2076.5,4303.8203
CdS @ CDs,2.53655844257153,3.156112,343.9999999999999,1432.5571
TiO2/5RGO/LFO,2.9508514588885464,2.5247173,892.9999999999999,334.7475
MoS2–Bi12O17Cl2,4.518513939877887,1.9321489,32999.99999999997,85.536
Na2ZrTi5O13,3.2778383330020473,2.5160532,1895.9999999999993,328.13547
BCN,0.7481880270062004,2.292695,5.599999999999999,196.19821
Pt/g-C3N4,2.6148972160331345,3.1608107,411.99999999999994,1448.1405
Zn,2.348694190265541,2.6422439,223.20000000000002,438.777
Zn,2.532627001228891,2.6422439,340.8999999999998,438.777
Cu/g-C3N4,1.403120521175818,2.5582578,25.300000000000004,361.62448
C @ SiCNTs,0.724275869600789,2.1563442,5.3,143.33234
C @ SiCNTs,2.0737183503461227,2.1563442,118.50000000000001,143.33234
SiC,1.3242824552976926,2.1953065,21.099999999999998,156.78572
BS-CN,4.090963076595732,2.7708468,12330.000000000007,589.993
ZC-3,4.04493154614916,2.9471874,11089.99999999999,885.4977
FeSe2/CNNS,3.2189554177287225,2.9939704,1655.6000000000006,986.2123
TiO2 @ Ti3C2Tx,2.2174839442139063,2.5189044,165.0,330.29684
Ti3 +,3.4992745818922173,2.530249,3156.9999999999995,339.0386
Ti3 +,3.657342736814626,2.530249,4543.0,339.0386
ZnS-g-C3N4/TiO2,1.9637878273455553,2.7614934,92.00000000000001,577.4222
ZnS-g-C3N4/TiO2,2.625312450961674,2.7614934,422.0,577.4222
TV15,2.71717102683231,2.256901,521.4000000000001,180.67624
TV15,2.28397928423848,1.9975241,192.29999999999998,99.43153
C,2.322219294733919,1.2949792,209.99999999999991,19.723282
H2xZn1−xIn2S4with,3.250420002308894,3.0910263,1780.0000000000002,1233.1794
H2xZn1−xIn2S4with,3.5899496013257077,3.0910263,3890.0,1233.1794
Au,3.2233920924487713,2.9006214,1672.6000000000004,795.46564
CuFe2O4,3.2355284469075487,2.6779256,1719.999999999999,476.34937
SrTiO3-CN,2.516403148447403,2.5411124,328.40000000000003,347.62613
CoP,2.6761446803562063,3.0573666,474.40000000000015,1141.2128
copper-nickel sulfide,-0.494850021680094,2.5548847,0.32,358.82663
BiPO4,2.481442628502305,1.8311261,302.99999999999983,67.78383
N-CDs/g-C3N4,3.5583485087616196,2.7501228,3616.9999999999986,562.50037
MnO2/SiO2,3.7075701760979363,2.3703127,5099.999999999999,234.59172
C60S0.5,1.021189299069938,2.8157458,10.5,654.2531
P-ZnS,3.569373909615046,2.6762426,3710.000000000002,474.50696
NiCoP,4.556302500767287,3.9948363,35999.99999999996,9881.806
NiCoP,5.1303337684950066,3.9948363,135000.00000000015,9881.806
Co2P(8)-ZCS,4.832636627596703,2.3837562,68020.00000000001,241.96701
Co2P(8)-g-C3N4,0.9100905455940682,2.576343,8.13,377.00146
ZCS/CN,3.63978521298682,3.2006612,4362.999999999999,1587.3079
ZCS/CN,3.691435152144062,3.2006612,4913.999999999999,1587.3079
Ni2P–CdS,4.835500327867319,4.292211,68470.0,19597.969
CS0,1.7323937598229686,2.4116085,54.000000000000014,257.99332
TiO2-Ag,2.950364854376123,3.145524,892.0000000000002,1398.0543
Na(Bi0.08Ta0.92)O3,1.7743709598499167,2.298073,59.480000000000004,198.6429
Au,3.346352974450639,3.3855562,2220.000000000001,2429.7197
nano-CN5,3.520614521878236,2.9741042,3315.9999999999995,942.11554
BCN,1.8325089127062364,2.5115795,68.00000000000001,324.77267
BCN,2.7573960287930244,2.5115795,572.0000000000002,324.77267
NiCoP21,5.2552725051033065,4.7803416,180000.00000000015,60303.375
WS2,1.7723217067229198,2.9331658,59.2,857.36505
WS2,1.9268567089496924,2.9331658,84.50000000000001,857.36505
WS2,2.2990712600274095,2.9331658,199.09999999999997,857.36505
WS2,1.5224442335063197,2.7831647,33.29999999999999,606.9665
CdS/Cu2S-30,4.158362492095249,3.4126277,14399.999999999989,2585.995
Ru,1.2253092817258628,2.133213,16.8,135.89798
CdS/WO3−x-5,2.8976270912904414,2.7570982,789.9999999999999,571.60785
Zn,3.16761267272753,2.4326828,1471.0000000000005,270.82126
Ni(OH)2-Zn0.25Cd0.75S,3.5768018958289125,3.5285115,3773.9999999999995,3376.8481
BTPF,3.5705429398818973,2.6508448,3719.999999999998,447.55334
Bi2(CrO4)3,1.945665499432134,1.4792715,88.23999999999998,30.148905
CoMoS2,2.835056101720116,3.3325653,683.9999999999999,2150.628
Pt/g-C3N4,2.7234556720351857,2.3841395,528.9999999999999,242.18071
Pt/g-C3N4,2.6009728956867484,2.3841395,399.00000000000017,242.18071
Pt/g-C3N4-550,2.741939077729199,2.3841395,552.0000000000001,242.18071
CaIn2S4,1.4902394852462872,2.7405186,30.919999999999995,550.19745
CdS/Pt,4.537819095073274,3.9619157,34500.00000000002,9160.428
Ti/Zn,2.9370161074648142,3.0022523,865.0,1005.19965
Pt/g-C3N4,3.1078880251827985,2.8174663,1281.9999999999995,656.85004
SS-SrTiO3,2.0569048513364727,3.2280815,114.00000000000003,1690.758
SS-SrTiO3,3.5561818466529114,3.2280815,3599.0000000000014,1690.758
SS-SrTiO3,2.513217600067939,3.2280815,325.99999999999994,1690.758
BPQDs/g-C3N4,2.432969290874406,2.6885633,271.00000000000006,488.16132
Au,4.451786435524291,2.9585865,28300.000000000025,909.04724
Au,4.553883026643875,2.9192657,35800.000000000015,830.3587
ACN,2.079904467666721,2.5136433,120.20000000000005,326.31967
ACN,2.414137362184477,2.9741042,259.5000000000001,942.11554
C3N4 CN,3.2013971243204513,2.6988904,1589.9999999999993,499.90842
BCN,2.5558196830611912,2.3925467,359.6000000000001,246.91454
ACN,1.4116197059632303,2.639171,25.800000000000008,435.6833
CdLa2S4,4.048535023129749,3.2811396,11182.399999999994,1910.4673
CdLa2S4,2.920123326290724,3.2811396,832.0000000000001,1910.4673
CTF-1,1.380211241711606,1.8531139,23.999999999999993,71.304
CTF-1,1.8195439355418688,1.885035,66.00000000000001,76.74234
CdS/Pt,0.5289167002776547,3.7526689,3.38,5658.077
PtO,2.832508912706236,2.432413,679.9999999999998,270.65314
PtO,2.255272505103306,2.432413,179.99999999999997,270.65314
BCN,1.2586372827240764,2.4655702,18.139999999999997,292.12598
BCN,2.5614949337948287,2.4655702,364.3299999999999,292.12598
EtOH:H2O,4.385606273598312,2.9782152,24299.999999999996,951.076
Zn-In-S,0.6551384348113821,2.085927,4.52,121.87848
CdLa2S4,3.3979400086720375,3.2811396,2499.9999999999995,1910.4673
Au,2.7788744720027396,3.3330052,601.0000000000001,2152.8074
C/Ti3 +-TiO2,3.2182728535714475,2.817588,1653.0000000000002,657.03436
Mn2O3,1.404149249209695,2.3766768,25.359999999999992,238.05472
Au,2.656098202012832,3.0497806,453.0,1121.4518
Bi0.2In0.8TaO4,0.5210072524086039,0.6048211,3.3189999999999995,4.0255117
Na2SO4/Na2S,3.3170181010481117,3.3317466,2075.000000000001,2146.5774
HMF,-0.958607314841775,3.1331189,0.11,1358.6853
ZIS @ NM,4.430625318642974,2.3837562,26954.130000000012,241.96701
KTaO3,0.6989700043360189,1.9557809,5.000000000000001,90.31937
Pd,4.823865309324511,3.2116442,66660.00000000003,1627.9617
HCHO,1.3010299956639813,2.2019877,20.000000000000004,159.21637
HCHO,4.481155870828035,2.2019877,30279.999999999975,159.21637
Cd0.9Zn0.1S,3.9444826721501687,3.001042,8800.000000000002,1002.4019
CdS/Bi2S3,3.285557309007774,2.5669127,1930.0000000000005,368.90338
ZZ3,4.3666843891789435,2.7044737,23263.999999999985,506.3767
C,4.2841599203986815,1.546736,19238.00000000001,35.215675
Au/TiO2,3.1422642911700223,2.181928,1387.6000000000001,152.02951
LaFeO3,3.520483532740792,2.3964162,3315.0,249.12436
LaFeO3,3.04766419460156,2.3964162,1116.0,249.12436
CN-N,2.678518379040114,2.6415668,477.0,438.09344
Pt–TiO2,3.278753600952829,3.1793318,1899.9999999999995,1511.2343
Pt–TiO2,3.0666985504229953,3.1793318,1166.0,1511.2343
g TiO2,3.436162647040756,2.9741042,2730.0,942.11554
Au/TiO2,2.630427875025024,3.282627,427.00000000000017,1917.0221
Au,2.305351369446624,3.1039412,202.00000000000006,1270.4021
Cd0.5Zn0.5S @ C3N4,4.049218022670182,3.0831418,11200.00000000001,1210.9934
Cd0.5Zn0.5S @ C3N4,3.8674674878590514,3.0831418,7369.999999999998,1210.9934
Cd0.5Zn0.5S @ C3N4,3.7075701760979363,3.0831418,5099.999999999999,1210.9934
FCN-3,3.6989700043360187,2.7682219,4999.999999999999,586.4376
BCN,1.4913616938342726,2.5271223,30.999999999999996,336.60632
NTSG,3.859738566197147,3.1153607,7240.000000000003,1304.2496
Pt/CdS/ZnO,4.346352974450639,3.175752,22200.00000000001,1498.8284
MIL-125(Ti),3.9395192526186187,2.8102129,8700.000000000004,645.9707
C @ TiO2−x/CNNS,2.6203442997544935,2.9741042,417.20000000000016,942.11554
C,3.2626717406999144,1.1359336,1830.93,13.675199
Pt/TiO2–ZnO,3.3324384599156054,2.4782794,2150.0000000000005,300.80103
Pt/TiO2–ZnO,2.9618954736678504,2.4782794,916.0000000000001,300.80103
Pt/TiO2–ZnO,3.118264726089479,2.4782794,1312.9999999999993,300.80103
Pt/TiO2–ZnO,3.252610340567373,2.4782794,1789.0000000000007,300.80103
Fe2 +,0.2013971243204515,2.3613133,1.59,229.7806
Au,4.514547752660286,3.6517353,32700.000000000025,4484.7197
Ni1/CdS,5.799409479615127,3.6446564,630100.0000000002,4412.2124
Ni1/CdS,5.514149134475438,3.8706932,326700.0000000002,7424.9443
Na2S/Na2SO3,5.266936911159173,2.910795,184900.0000000001,814.31976
LaCo0.6Cu0.4O3,2.322219294733919,2.260847,209.99999999999991,182.32536
H +/H2,2.311753861055754,3.1180944,204.99999999999994,1312.4852
H +/H2,3.230448921378274,3.1180944,1700.0000000000007,1312.4852
MoS2-1.12,2.493151217795686,3.1782947,311.28,1507.6296
Ni2P2O7/g-C3N4,2.315970345456918,2.8174663,207.00000000000003,656.85004
Ni2P2O7/g-C3N4,1.6127838567197355,2.8174663,40.99999999999999,656.85004
Pt/g-C3N4,2.499687082618404,3.1088817,316.00000000000006,1284.9366
Pt/g-C3N4,2.387389826338729,3.1088817,243.9999999999999,1284.9366
MgAl,3.2579184503140586,2.9512017,1811.0000000000007,893.7204
Ru,3.473778834646725,2.3940873,2977.000000000001,247.79202
Ru,3.4771212547196626,2.3940873,3000.000000000001,247.79202
Ru,4.0,2.3940873,10000.0,247.79202
Au/TiO2,4.514547752660286,2.630753,32700.000000000025,427.31982
Ni0,4.342422680822207,3.869486,22000.00000000002,7404.3354
Cu2O,2.9339931638312424,1.558431,859.0000000000002,36.176872
LaFeO3,2.146128035678238,2.2131221,140.00000000000006,163.35112
Pt/N-TiO2/SrTiO3-TiO2,3.5456781497920256,3.1208904,3513.0,1320.9622
BCN,2.791129000727286,2.355251,618.1999999999998,226.5954
Cd0.62Zn0.16S,3.296072566359835,3.1289308,1977.2999999999997,1345.646
Cd0.62Zn0.16S,4.212720154417842,2.6759021,16319.99999999999,474.13513
Au,4.021189299069938,3.0025597,10500.000000000005,1005.91125
BCN,3.432279641645456,2.6210814,2705.7000000000007,417.90863
Pd/TiO2,1.6117233080073419,2.9894001,40.900000000000006,975.88837
K2La2Ti3O10,1.6253124509616739,2.0074956,42.2,101.74091
K2La2Ti3O10,1.9822712330395684,2.0074956,96.0,101.74091
MoNi @ MoO2,2.4313637641589874,2.7372549,270.00000000000006,546.0782
Cu/g-C3N4,1.3010299956639813,2.7809129,20.000000000000004,603.82745
eosin-Y,3.733999286538387,3.5636363,5420.000000000002,3661.3083
CdS @ Zn-C,3.8195439355418688,2.8988671,6600.000000000002,792.2589
CdS @ C,3.342422680822206,2.889848,2199.9999999999995,775.9755
Ag @ TiO2,2.7258299903205803,3.2418072,531.9,1745.0474
Au/TiO2,3.7975791236363117,3.3025672,6274.500000000003,2007.0918
HCHO,0.8129133566428556,3.289526,6.5,1947.7177
RGO-Cd0.60Zn0.40S,3.1883096301940044,3.106395,1542.8000000000004,1277.6002
K2La2Ti3O10,3.322219294733919,1.7204357,2099.999999999999,52.53343
Cd0.9Zn0.1S(en),2.9456654994321343,2.9094722,882.4000000000002,811.8433
MgZrO3,3.3218054838575393,2.5025003,2098.000000000001,318.0536
MgZrO3,3.5129510799724906,2.5025003,3258.0,318.0536
Ce4 +/3 +:MgZrO3,2.1702617153949575,2.8254366,148.00000000000003,669.0162
CdS-OH,1.130333768495006,3.4131465,13.5,2589.086
graphene @ ZnS,3.2764618041732443,2.5474696,1890.0000000000007,352.7521
Mo-S-P-15,4.042815627041964,2.5873535,11036.10000000001,386.68158
BCN,1.7678976160180906,2.5271223,58.599999999999994,336.60632
BCN,3.0356698346516806,2.5271223,1085.6,336.60632
Ru,3.583198773968623,2.4365952,3830.000000000001,273.27203
Ru,3.8305886686851442,2.4365952,6769.999999999999,273.27203
CuFe2O4,3.2355284469075487,2.4475226,1719.999999999999,280.23517
Au,1.911690158753861,2.9403863,81.59999999999998,871.73865
Au,2.353723937588949,2.9403863,225.80000000000004,871.73865
M60T6PS2,3.561101383649056,2.5548847,3639.9999999999995,358.82663
Ni:Pd,3.7041505168397992,3.0733702,5060.000000000001,1184.0504
Pd,3.8494194137968996,2.9744875,7070.000000000003,942.9476
MIL-125(Ti),3.6483600109809315,3.1298544,4449.999999999999,1348.5109
Pd,3.661812685537261,2.9744875,4589.999999999998,942.9476
Ti,3.0086001717619175,2.7692504,1019.9999999999999,587.8281
In–Ni–Ta–O–N,1.795184589682424,2.1020372,62.399999999999984,126.48447
Fe/TiO2,2.394801777162711,2.5324574,248.19999999999987,340.76688
CN-,2.9964678902617172,3.0580413,991.9,1142.9872
CN-,2.1883659260631485,3.0580413,154.30000000000007,1142.9872
ACN,3.3664229572259727,2.8135304,2325.0,650.9242
NTACN-5,3.5251744278352715,2.8135304,3350.9999999999995,650.9242
NTACN,3.916559219301114,2.8135304,8252.000000000002,650.9242
3NRCNNT,3.4656653484253304,2.8041277,2921.9000000000005,636.9828
BaTiO3,1.9637878273455553,2.4203613,92.00000000000001,263.2457
BaTiO3,1.255272505103306,2.35324,17.999999999999996,225.54854
Zn0.67Cd0.33S,3.8254261177678233,3.2051296,6690.000000000003,1603.724
Zn0.4Cd0.6S,3.558708570533166,3.4301915,3620.000000000001,2692.7222
Zn0.6Cd0.4S,3.754348335711019,3.1651318,5679.999999999999,1462.621
P25-TiO2,3.2833012287035497,3.166452,1920.0000000000002,1467.0737
PbTiO3/CdS,2.6027109449575576,2.751325,400.6000000000002,564.05945
PbTiO3/CdS,2.928907690243953,2.751325,849.0000000000002,564.05945
PbTiO3/CdS,1.9951962915971795,2.751325,98.90000000000002,564.05945
Sr2 +,2.6021685513789974,2.9021819,400.1000000000002,798.3289
TGO,1.4265112613645752,2.3863652,26.699999999999996,243.425
C-TiO2,0.07918124604762482,2.6446874,1.2,441.25275
C-TiO2,0.17609125905568124,2.6446874,1.5,441.25275
ZnS @ g-C3N4/TiO2,2.661812685537261,2.4642844,458.9999999999998,291.2624
ZnS @ g-C3N4/TiO2,2.3364597338485296,2.4642844,217.00000000000003,291.2624
ZnS @ g-C3N4/TiO2,1.9637878273455553,2.4642844,92.00000000000001,291.2624
g-C3N4/CNCNT,3.082066934285113,2.7659457,1208.0,583.3721
NiB,2.666892211066536,2.8029306,464.3999999999998,635.2294
Co3O4,1.4668676203541096,2.812841,29.300000000000008,649.8916
Co3O4,3.134527717797338,2.812841,1363.0999999999995,649.8916
Co3O4,1.3424226808222062,2.812841,21.999999999999996,649.8916
methyl orange,3.274619619091238,2.9741042,1882.0000000000005,942.11554
Nd2O3/LaNaTaO3,2.290034611362518,1.996613,194.99999999999991,99.22315
Nd2O3/LaNaTaO3,-0.8632794328435932,1.996613,0.137,99.22315
C,4.264345507050092,2.4045076,18379.99999999999,253.80936
UCN,2.658259494054264,2.981799,455.25999999999976,958.9565
UCN,3.735817588540431,2.981799,5442.740000000002,958.9565
NiSe/CdS,4.059184617631371,3.9207695,11459.999999999996,8332.388
NiSe/CdS,3.2833012287035497,3.9207695,1920.0000000000002,8332.388
WS2/graphitic carbon nitride,3.069853021113625,3.106395,1174.5000000000005,1277.6002
Ti3 +,0.7075701760979364,2.501232,5.1000000000000005,317.12604
NiS2,2.854809895453033,3.2420473,715.8300000000004,1746.0123
NiS2,2.5631487110958586,3.2420473,365.72,1746.0123
NiS2,2.7410018163078265,3.2420473,550.8100000000001,1746.0123
NiS2,2.7324741772811936,3.2420473,540.1,1746.0123
Ag/N-TiO2,3.6720978579357175,2.9057076,4700.000000000001,804.83636
CuFe2O4,2.526339277389844,3.1584501,336.00000000000006,1440.2906
CTP-10,3.041392685158225,2.98942,1099.9999999999998,975.93286
Au,1.271609301378832,3.0226743,18.69,1053.5966
amTiO2,2.7403626894942437,2.6794639,549.9999999999998,478.03958
Ni/CdS,4.303196057420489,3.945693,20099.99999999999,8824.559
C,4.770852011642144,1.5767113,58999.99999999994,37.732124
C,3.4409090820652177,0.9184522,2760.0,8.288047
Ru,2.582971929104806,2.4430869,382.8000000000001,277.38748
BO-C3N4,3.9890491564382202,2.3998926,9750.999999999998,251.12651
BO-C3N4-0,3.5968169359155904,2.7244608,3951.9999999999986,530.22577
MoSe2,4.615213334801359,2.678276,41230.00000000004,476.73392
3P-B,2.7687120803776635,2.7185795,587.0999999999998,523.09375
3P-B,2.1024337056813365,2.7185795,126.60000000000005,523.09375
BCN,4.141136090120739,2.6765053,13839.999999999993,474.79413
BCN,2.720572720364261,2.7037091,525.4999999999999,505.486
BCN,1.8318697742805017,2.6765053,67.9,474.79413
S2−,2.255272505103306,2.8918912,179.99999999999997,779.6349
CuFe2O4,3.2355284469075487,2.6779256,1719.999999999999,476.34937
CuFe2O4,2.9542425094393248,2.6779256,899.9999999999998,476.34937
carbon nitride/melon,2.3010299956639813,2.3069458,200.00000000000003,202.74297
PbS,3.1099158630237933,2.6949508,1288.0,495.39407
Au/TiO2,4.198657086954422,2.9815695,15799.999999999984,958.45013
Pt–TiO2,4.531478917042255,3.5926917,34000.000000000015,3914.6384
SiOC/g-C3N4,3.0086001717619175,2.9741042,1019.9999999999999,942.11554
Au,3.5440680443502757,2.9297326,3500.0000000000005,850.6141
Au,3.5285310606354114,2.9297326,3376.9999999999995,850.6141
Au,3.5918434112247843,2.9297326,3906.999999999999,850.6141
Au,3.5993371329924893,2.9297326,3975.0000000000014,850.6141
Co0.2Cd0.8S,4.283301228703549,3.8502414,19199.99999999998,7083.3945
Ta3N5/STON,1.4154741681092358,2.1905873,26.03,155.09125
Fe2P,5.342422680822207,3.6378138,220000.0000000002,4343.2397
Co3O4,3.889693791444185,3.0880485,7756.999999999997,1224.7528
Co3O4,2.954724790979063,2.848456,900.9999999999997,705.4332
Au,2.5403294747908736,3.9478772,346.9999999999999,8869.051
Au-Fe2O3/TiO2,2.7708520116421442,2.767811,590.0,585.8832
AgGaS2,2.887617300335736,2.8405607,771.9999999999997,692.72473
AgGaS2,2.100370545117563,2.8405607,126.00000000000001,692.72473
AgGaS2,1.845098040014257,2.8405607,70.00000000000001,692.72473
OMBT,4.0,2.9741042,10000.0,942.11554
Pt/TiO2-ZnO,3.3324384599156054,2.9502394,2150.0000000000005,891.74243
WS2,0.3424226808222063,3.0409286,2.2,1098.8251
Cd0.65Zn0.35S,3.716003343634799,3.5242345,5199.999999999998,3343.7556
Cd0.65Zn0.35S,3.662757831681574,3.2668378,4599.999999999998,1848.5782
Au,2.504198918539445,2.941534,319.3000000000001,874.04553
CoTi-2.9im,3.093421685162235,2.7051308,1240.0000000000002,507.14343
Co3 +-phosphate,0.38021124171160603,2.7821617,2.4,605.5663
Y2GaSbO7,0.7403626894942439,2.1226592,5.5,132.63533
In(OH)3,3.385606273598312,2.8326383,2429.9999999999995,680.2026
In(OH)3,2.806179973983887,2.8326383,639.9999999999999,680.2026
InxCu1-x)2S3,3.814647069451856,2.3837562,6526.000000000001,241.96701
CdLa2S4,2.9030899869919438,3.0980163,800.0000000000003,1253.1881
CdLa2S4,3.3979400086720375,2.9083104,2499.9999999999995,809.6744
CdLa2S4,3.113943352306837,3.0980163,1300.0000000000005,1253.1881
NiS2,3.278753600952829,3.2400844,1899.9999999999995,1738.1387
CdLa2S4,3.361727836017593,3.0980163,2300.000000000001,1253.1881
NaTa1−xCrxO3,3.166578109919652,2.7926388,1467.4999999999995,620.35284
Au,3.2645817292380777,3.0861194,1839.0000000000007,1219.3248
Au/TiO2,2.622214022966295,2.357772,418.99999999999983,227.91458
20CBZTO,3.168202746842631,2.5434568,1472.9999999999995,349.50775
mpg-C3N4,3.777049641735297,2.9741042,5984.8,942.11554
CdLa2S4,2.891648943870559,3.22719,779.1999999999998,1687.2911
Ti3 +-TiO2,2.4626974081017172,3.010189,290.2000000000001,1023.7385
CdIn2S4/ZnIn2S4,2.8920946026904804,2.9941096,779.9999999999999,986.5285
CdIn2S4/ZnIn2S4,3.012837224705172,2.9941096,1029.9999999999995,986.5285
CdIn2S4/ZnIn2S4,3.921686475483602,2.9941096,8350.0,986.5285
melamine,1.5654936298688624,2.8618946,36.77,727.6032
Bi/TiO2,3.672836454171397,2.2537217,4708.000000000001,179.3584
Cu2O,0.2041199826559248,1.8287214,1.6,67.409546
Pt/CdS/ZnO,3.6127838567197355,3.1958568,4100.0,1569.8452
Pt/CdS/ZnO,3.7323937598229686,3.1958568,5400.000000000001,1569.8452
CT,4.408239965311849,3.4549124,25599.999999999975,2850.4434
TiO2 @ MoS2,3.0,3.0989356,1000.0,1255.8438
TiO2-CdS,3.2576785748691846,3.2030962,1810.0000000000002,1596.2325
Au,2.255272505103306,2.6752362,179.99999999999997,473.4087
BaBiO3,1.6127838567197355,2.1945488,40.99999999999999,156.51244
Na2S/Na2SO3,3.886490725172482,2.6926992,7699.999999999999,492.83234
TaON @ Ta2O5,1.595606434865603,1.4998314,39.40999999999999,31.610506
{[CuICuII2-(DCTP)2]NO3 · 1.5DMF },1.505149978319906,3.0170476,32.00000000000001,1040.0343
Au/g-C3N4-P25,2.403120521175818,2.7703817,253.00000000000003,589.3614
Pt/CIS,2.6866362692622934,2.6487381,486.0,445.38763
Pd/TiO2,4.471291711058939,3.8097103,29600.00000000001,6452.2363
2Au/0.6rGO/g-C3N4,2.505149978319906,3.171806,319.9999999999999,1485.2723
0.6rGO/g-C3N4,1.6532125137753437,3.171806,45.00000000000001,1485.2723
ZnWO4,1.7632782110189786,2.8344812,57.98,683.0952
ZnWO4,1.612147838326487,2.8344812,40.940000000000005,683.0952
Ti3 +,2.705007959333336,2.7996762,507.00000000000006,630.48706
Ca-Ag,2.342422680822206,2.9255583,219.99999999999997,842.47754
ZIS/CIS–Pt,2.748094953930464,2.8048239,559.88,638.0047
Pd,5.1960102865919495,2.6057057,157039.9999999999,403.37198
CuCNBTNF-20,3.322219294733919,3.0290053,2099.999999999999,1069.0679
CuCNTNF,3.0791812460476247,2.9440594,1199.9999999999995,879.1427
Nb2O5,2.560528309694906,2.0354874,363.51999999999987,108.51441
Co0.5Cd0.5S,3.4955443375464483,3.7125099,3129.9999999999986,5158.339
Co0.5Cd0.5S,3.8000293592441343,3.7125099,6310.0,5158.339
Pt/SrTiO3:Rh,-0.13076828026902382,2.3208144,0.74,209.32176
Mo/CN,1.9068735347220704,2.3891275,80.7,244.97823
Na2S/Na2SO3,2.9871834472201786,2.9557135,970.9200000000003,903.0536
Mo/CN,2.195373754817413,2.590554,156.81,389.54175
indium,3.262213705476417,2.3267791,1829.0,212.21649
copper oxide,3.3322364154914434,2.3267791,2149.0000000000005,212.21649
indium,2.2764618041732443,2.6555555,189.00000000000006,452.43427
indium,3.2392994791268923,2.6555555,1734.999999999999,452.43427
indium,1.9731278535996986,2.6555555,93.99999999999997,452.43427
CIS,3.469822015978163,3.0289316,2950.0,1068.8866
CIS,2.322219294733919,3.227664,209.99999999999991,1689.1335
UiO-66,3.230448921378274,2.753064,1700.0000000000007,566.32263
BCN,2.949390006644913,2.3925467,890.0,246.91454
Au,2.3479151865016914,3.3855562,222.80000000000004,2429.7197
CdS/Ag2S/NiS,4.683947130751513,4.031863,48300.00000000005,10761.263
SnS2/g-C3N4-180,2.967547976218862,2.82749,927.9999999999997,672.187
SnS2/g-C3N4-180,2.5289167002776547,2.82749,337.99999999999994,672.187
In-ZnS,1.6020599913279623,2.861693,39.99999999999999,727.2654
nitrogen,3.394626764272209,2.7853115,2481.0000000000005,609.9742
Ti3 +,2.9928008582808783,2.6961088,983.5600000000003,496.71677
NiO-Ni3N,1.7259116322950483,2.6360881,53.20000000000001,432.60162
BiPO4,2.48572142648158,2.369294,306.00000000000006,234.04207
Pt/g-C3N4,2.387567779417189,3.2006612,244.1000000000001,1587.3079
Pt/g-C3N4,2.3418300569205104,3.2006612,219.70000000000005,1587.3079
LaFeO3,1.2304489213782739,1.8187182,16.999999999999996,65.87463
CuCo7:3,1.0,2.2984989,10.0,198.83777
CuCo,1.887054378050957,2.5398428,77.10000000000001,346.61142
CdS0.75Se0.25,4.318063334962762,3.2712321,20800.00000000002,1867.3776
BCN,1.9894498176666917,2.3528106,97.59999999999998,225.32565
BCN,1.4742162640762553,2.3528106,29.800000000000004,225.32565
Pt©CdS,4.675869955318957,3.973251,47410.00000000003,9402.668
Pt©CdS,4.296006669313672,3.973251,19769.999999999996,9402.668
KTiNbO5,3.5467893516312583,1.9946711,3522.0000000000014,98.78047
Ag/Ag2Ta4O11/g-C3N4,2.403172015492251,2.882492,253.02999999999997,762.943
OCNT,3.737987326333431,2.741087,5470.000000000002,550.91797
CN/TiO2-24,2.7101173651118162,2.5829365,512.9999999999999,382.7688
CN/TiO2-24,2.416640507338281,2.5829365,260.99999999999994,382.7688
BCN,2.9777236052888476,2.714899,949.9999999999997,518.6795
0.4-SBO/P25,3.5024271199844326,2.4720752,3179.999999999999,296.5345
SBO,2.6334684555795866,2.4933474,430.0000000000001,311.42065
0.4-SBO/P25,1.954242509439325,2.4720752,90.00000000000003,296.5345
Ta12,2.895422546039408,3.232981,785.9999999999999,1709.9404
CS0,2.5211380837040362,1.6266541,331.99999999999994,42.330574
ZNOS,3.2730012720637376,3.4062147,1874.9999999999998,2548.0896
Au/TiO2,3.0293837776852097,2.8607602,1070.0000000000002,725.70514
Co3O4,1.5943925503754266,2.980746,39.29999999999999,956.63446
NH2-MIL-125(Ti)/ Pt/g-C3N4,3.0884904701823963,2.8351095,1226.0000000000002,684.0841
Pt/g-C3N4,3.600537294364469,2.9741042,3986.000000000001,942.11554
TiO2nanosheets,3.84248442441157,2.9571524,6958.0,906.0504
TiO2nanosheets,3.868115205327217,2.9571524,7380.999999999997,906.0504
Pd,2.113943352306837,2.9800777,130.00000000000006,955.1636
Pd,2.8750612633917,2.979601,750.0000000000001,954.1154
Pd,2.7993405494535817,2.979601,630.0,954.1154
Pd,3.2227164711475833,2.9800777,1670.0,955.1636
Pd,3.5211380837040362,2.9800777,3319.9999999999995,955.1636
Pd,3.1986570869544226,2.9800777,1580.0,955.1636
Pt/g-C3N4,2.244524511570084,2.5278916,175.60000000000002,337.20316
Pt/g-C3N4,1.307496037913213,2.5278916,20.300000000000004,337.20316
Pt/g-C3N4,1.8068580295188175,2.5278916,64.10000000000001,337.20316
Nb2O5,1.3961993470957363,2.2016113,24.9,159.07841
Pt–TiO2,2.197280558125619,3.2011204,157.49999999999994,1588.987
ReS2,3.48572142648158,3.3998098,3060.000000000001,2510.7866
H2TAPP–TFPT,1.462397997898956,3.1401093,29.0,1380.7318
H2TAPP–TFPT,0.7781512503836436,3.1401093,6.0,1380.7318
ZnCdS/rGO,6.261024833992398,2.9741042,1824000.0000000014,942.11554
B03,1.4082399653118496,1.3247501,25.6,21.122732
CZS-P,4.352182518111363,2.3837562,22500.00000000001,241.96701
CZS-P,3.929418925714293,2.9314606,8500.000000000002,854.00543
CdS:MoS2,4.153509989300837,4.2057343,14239.999999999993,16059.582
CdS:MoS2,4.466393046361356,4.2057343,29268.00000000002,16059.582
CdS:Pt,4.096144981294344,4.1209683,12477.999999999993,13211.993
CdS:Pt,4.734471785398966,4.1209683,54259.00000000005,13211.993
Ag2NCN @ g-C3N4-1,2.7038843655610405,2.7502284,505.6899999999999,562.63715
Ag2NCN @ g-C3N4-1,2.508327674547125,2.7502284,322.3500000000002,562.63715
graphene oxide,3.7403626894942437,2.4138765,5499.999999999997,259.3442
Pd,4.711807229041191,2.4955492,51499.99999999997,313.0035
Pd,4.519827993775719,2.4955492,33100.00000000001,313.0035
Pd,4.184691430817598,2.4491522,15299.999999999987,281.28867
Pd,4.664641975556125,2.4491522,46199.99999999997,281.28867
CdS/Pt,2.6377798293741583,3.5079615,434.2900000000001,3220.7834
rGO/CuI,1.9030899869919435,2.9091508,79.99999999999999,811.24274
Zn0.67Cd0.33S,4.183839037056421,3.1680624,15269.99999999999,1472.5242
Zn0.67Cd0.33S,3.6020599913279625,3.1680624,4000.000000000001,1472.5242
g-C3N4-MoS2-Ni(OH)2,0.8864907251724818,2.6969135,7.699999999999999,497.63794
Pt/g-C3N4,3.062581984228163,2.9741042,1155.0000000000002,942.11554
nitrogen,1.4941545940184429,2.8135304,31.200000000000003,650.9242
CdS/Pt,2.7530618993207936,4.1172185,566.3199999999998,13098.407
CdS/Pt/Mo2C-0.5,3.262170962527444,3.8547125,1828.8200000000002,7156.695
BiPO4,3.0453229787866576,1.9442178,1110.0000000000005,87.94635
CdS-2,3.8692317197309762,2.709204,7400.000000000001,511.92218
SrTa0.91,1.7708520116421442,3.1354446,59.00000000000001,1365.981
Co–P/ZIS,3.8943160626844384,3.106395,7839.999999999999,1277.6002
AuPd/TiO2,2.7209857441537393,3.3708453,526.0000000000002,2348.796
Au/TiO2,2.392696953259666,2.6750557,247.00000000000003,473.212
Ni2P/Ni2 +–Mn0.3Cd0.7S-10,2.1986570869544226,4.076062,158.0,11914.126
Ni2P/Ni2 +–Mn0.3Cd0.7S-10,3.983175072037813,4.076062,9620.000000000005,11914.126
CdMoS4,3.161607546908397,3.7437143,1450.8000000000004,5542.6104
SiC,1.8293037728310249,2.1994996,67.49999999999999,158.30681
SiC,2.003029470553618,2.1994996,100.7,158.30681
Pt–TiO2,5.0024252646779015,3.0284026,100560.00000000004,1067.5852
Pt–TiO2,4.412964271996663,3.0284026,25880.00000000002,1067.5852
dihydroxyacetone,0.8920946026904804,3.5396636,7.799999999999999,3464.6833
TiO2/ZnTe/Au,3.524266268766979,2.8898568,3344.0,775.9913
TiO2–Ti3C2–CoSx,2.9777236052888476,2.8312058,949.9999999999997,677.96277
TiO2/Ti3C2,1.5237464668115646,3.1226683,33.400000000000006,1326.3809
NiO(N1),2.436162647040756,3.2891476,273.0,1946.0215
metal sulfide,3.079904467666721,2.7196372,1202.0000000000005,524.3692
AgGaS2,3.4207806195485655,3.0482516,2635.0000000000005,1117.5105
PC,2.4014350072298702,2.8528156,252.02000000000012,712.5505
CZTS,1.4771212547196624,2.9741042,29.999999999999996,942.11554
ZCIS,1.3010299956639813,2.8145683,20.000000000000004,652.48157
Nb2O5,1.3242824552976926,2.2273202,21.099999999999998,168.7797
Nb2O5,2.439016728387513,2.2273202,274.8000000000001,168.7797
MIL-100(Fe),0.7708520116421442,2.439263,5.9,274.95593
Pt/MIL-100(Fe),1.724275869600789,2.439263,52.999999999999986,274.95593
Pt/g-C3N4,3.9278321328665817,2.6417038,8468.999999999998,438.23175
NZIS,2.9036325160842376,2.6262298,800.9999999999998,422.89227
Zn0.6Cd0.4S,2.505149978319906,2.850558,319.9999999999999,708.856
Zn0.6Cd0.4S,3.754348335711019,3.0702689,5679.999999999999,1175.6251
PF3T,3.0394141191761372,2.778287,1095.0000000000002,600.18744
C0.25,3.194014546374698,1.3929889,1563.2000000000007,24.71661
Cd0.1Zn0.9S,2.6825962914605532,3.3012695,481.4999999999999,2001.1034
CdS–TiO2/C1,3.41161970596323,2.4042127,2579.9999999999995,253.63705
FNC15,2.2227164711475833,2.2969923,167.0,198.14919
Ru,1.9493900066449128,3.557539,89.0,3610.2642
HTO,3.741151598851785,2.66998,5509.999999999998,467.71365
HTO,3.967547976218862,2.66998,9279.999999999996,467.71365
HTO,4.061075323629792,2.66998,11510.000000000007,467.71365
HTO,4.25478968739721,2.66998,17980.0,467.71365
ZIS-ZIS,3.123851640967086,2.6786895,1330.0,477.18796
C–C,1.9854264740830017,2.5001981,96.7,316.37204
TiO2/NH4Cl,2.4771212547196626,3.6015875,300.0000000000001,3995.651
TiO2/HNO3,2.1760912590556813,3.421235,150.00000000000003,2637.7588
CaIn2S4,2.0086001717619175,2.926203,101.99999999999999,843.72906
Au,2.510545010206612,3.2337625,323.9999999999999,1713.0203
CuZnIn,2.6127838567197355,3.0124488,409.99999999999994,1029.0792
g-C3N4/FeOOH,2.939419403329317,2.6786895,869.7999999999998,477.18796
Cd0.65Zn0.35S,2.9921114877869495,3.5292463,981.9999999999995,3382.5664
Pt/CCNU,3.670245853074124,2.6552963,4680.000000000002,452.16437
Ru-TPB,2.113943352306837,2.7042558,130.00000000000006,506.1227
[Ni9(Hmna)2(mna)8(H2O)10](H2O)11,2.4089180208467798,2.904791,256.4,803.1397
H4TPB,2.380211241711606,3.0330825,239.99999999999994,1079.1516
[Ni2(PymS)4],4.285557309007774,2.904791,19300.000000000004,803.1397
UCN,2.9489017609702137,2.7070482,889.0,509.3874
UCN,3.723044991643445,2.7070482,5284.999999999998,509.3874
Nb2O5,0.8450980400142568,2.1202714,7.0,131.9081
1 - n - decyl - 3 - methylimidazolium chloride,3.348694190265541,2.9611902,2232.0,914.51373
Au,4.079181246047625,3.0795944,12000.000000000007,1201.142
CTF-1,4.084576277934331,2.53791,12149.999999999996,345.07224
CTF-1,3.7403626894942437,2.53791,5499.999999999997,345.07224
ZIS/RGO,3.7044936970092985,2.8436596,5063.999999999998,697.6854
α-Fe2O3/TpPa-2-COF(3:7),3.576341350205793,2.814022,3770.0000000000014,651.6615
TiO2–N2,2.3010299956639813,2.8097908,200.00000000000003,645.3433
TpPa-1-COF,3.392696953259666,3.3543763,2470.0000000000005,2261.3945
TiN,1.3579348470004537,2.4373736,22.799999999999997,273.7623
CZ0.5S,4.743744878592461,2.9741042,55430.00000000002,942.11554
Ge,2.004536317851323,2.7019,101.05000000000003,503.3847
CIS,3.844725627973226,3.025242,6993.999999999998,1059.8444
CIS,3.7854010249923875,3.025242,6101.0,1059.8444
CIS,3.73559889969818,3.025242,5440.0,1059.8444
CIS,3.6457169393696036,3.025242,4422.999999999998,1059.8444
CIS,3.7873187566245474,3.025242,6127.999999999998,1059.8444
TiN,3.143014800254095,2.6849997,1389.9999999999995,484.17203
TiN,2.963787827345555,2.6849997,919.9999999999997,484.17203
Cr0.5Ti0.5N–CdS,3.387389826338729,3.065079,2439.9999999999986,1161.6598
TiN-10-CdS,3.3138672203691533,2.9245632,2059.9999999999995,840.54926
Pt/g-C3N4,2.9822712330395684,3.173143,960.0,1489.8512
Pt/g-C3N4,2.5185139398778875,3.1288626,330.00000000000006,1345.4347
Pt/g-C3N4,2.8382192219076257,2.9447863,688.9999999999998,880.6155
Pt/g-C3N4,2.8549130223078554,2.9447863,715.9999999999997,880.6155
CTT,3.8736692927067944,2.8820183,7475.999999999999,762.1112
BZ20BO,3.350829273582968,2.5787005,2243.000000000001,379.05353
BO,2.5171958979499744,2.0771523,329.0000000000001,119.440674
H-CN,3.2595699896435595,2.7859824,1817.8999999999999,610.91724
ZF2,3.3324384599156054,3.004187,2150.0000000000005,1009.6878
ZF2,3.428134794028789,3.004187,2680.000000000001,1009.6878
ZnS/ZnO/ZnS,4.123851640967086,3.541619,13300.0,3480.319
Au,3.2089785172762535,2.5770006,1618.0,377.57272
Zn0.4Cd0.6S,3.5563025007672873,3.2221088,3600.0,1667.665
CdS/Pt,1.4951001032850804,3.3427148,31.268,2201.4802
N-TiO2/STO–TNT,0.25527250510330607,2.6531126,1.8,449.89655
CuCo2S4,4.413299764081252,3.6112702,25900.000000000004,4085.7349
Na2S/Na2SO3,4.413299764081252,3.023599,25900.000000000004,1055.8419
Cu0.5Co2.5S4,3.833147111912785,3.585584,6809.999999999999,3851.0923
Cu(OH)2,3.9222062774390163,3.3744574,8359.999999999998,2368.4124
CuS/CdS,2.5185139398778875,3.5581014,330.00000000000006,3614.9426
POM-TiO2,3.6532125137753435,2.0421042,4499.999999999998,110.180374
GP6,2.4771212547196626,2.802732,300.0000000000001,634.93896
GP6,2.356790460351716,2.802732,227.40000000000003,634.93896
CuInS2,1.1139433523068367,2.5128589,12.999999999999998,325.73083
cobalt–salen,2.0253058652647704,2.5325239,106.00000000000004,340.81906
CdS–NiPx,4.424554976606713,2.7479575,26580.00000000001,559.7028
mpg-C3N4,2.7168377232995247,2.8267941,521.0000000000002,671.1107
T-CN,2.40705081480425,2.823368,255.29999999999993,665.8372
T-CN,2.089905111439398,2.823368,123.00000000000003,665.8372
CeO2−xSx,2.012837224705172,2.9741042,102.99999999999996,942.11554
borosilicate,4.08278537031645,2.777889,12099.999999999993,599.6378
borosilicate,5.021189299069938,2.638325,105000.00000000004,434.83548
ZnWO4,3.0128793871712896,2.762352,1030.0999999999995,578.56476
BaTi5O11,1.7160033436347992,2.1793194,52.00000000000001,151.1191
TEA,3.906335041805091,2.5665388,8060.000000000004,368.58597
NiTiO3/TiO2,4.060697840353612,3.0151963,11500.000000000004,1035.6102
Au,1.4409090820652177,2.9513903,27.6,894.1086
Au,2.7323937598229686,3.3855562,540.0000000000001,2429.7197
NR715,2.4742162640762553,2.8135304,298.0,650.9242
Ti3 +,2.3854275148051305,2.3101687,242.89999999999995,204.25314
RGO/ZnO @ Zn0.6Zn0.4S,2.2041199826559246,2.8906724,159.99999999999991,777.45
RGO/ZnO @ Zn0.6Zn0.4S,3.2706788361447066,2.8906724,1865.0000000000007,777.45
ZnIn2S4/MoS2,2.2935835134961167,2.4697468,196.59999999999994,294.9489
ZnIn2S4/MoS2,1.823474229170301,2.4697468,66.6,294.9489
ATM,3.806179973983887,2.9741042,6399.999999999998,942.11554
NiSe2,3.294201600694746,3.3294797,1968.8,2135.4023
Au,2.2773799746672547,2.9006214,189.40000000000003,795.46564
Co3O4 001,1.6803355134145632,2.3260403,47.9,211.85576
Co3O4 011,2.0751818546186915,2.3260403,118.89999999999999,211.85576
Ti2C,2.9777236052888476,2.3721786,949.9999999999997,235.60178
HO-TPA–TiO2,3.5327543789924976,2.6325126,3409.9999999999986,429.0546
SiC,2.03342375548695,2.3834875,108.00000000000004,241.81735
CdS/ZCO,3.5997302782956524,3.1608107,3978.599999999999,1448.1405
P6,3.220108088040055,2.7596896,1659.9999999999995,575.02875
Pt/CdS/NYFYE,0.6570558528571039,3.171806,4.54,1485.2723
Pt/CdS/NYFYE,0.5289167002776547,3.171806,3.38,1485.2723
Pt/CdS/RGO,2.189658721049207,3.171806,154.7599999999999,1485.2723
WS2,2.187520720836463,2.7811532,154.0,604.1617
CZS–BiVO4,3.3710678622717363,3.00719,2350.0,1016.69336
Pd,2.9242792860618816,2.9847548,839.9999999999999,965.5056
WS2,2.0056094453602804,2.4138157,101.3,259.3079
WS2,2.467312062980552,2.4138157,293.29999999999995,259.3079
WS2,1.6434526764861874,2.4138157,44.0,259.3079
Pd/TiO2,3.322219294733919,3.3047698,2099.999999999999,2017.2966
Fe3O4/VAN @ MIL-101(Fe,2.7664128471123997,2.8351095,584.0000000000002,684.0841
VAN @ MIL-101,5.556302500767287,3.1298544,359999.99999999965,1348.5109
VAN @ MIL-101,5.430397591386967,3.1298544,269400.0000000002,1348.5109
VAN @ MIL-101,2.681241237375587,3.1298544,479.99999999999994,1348.5109
Ti6,2.427778137224173,2.6642702,267.7799999999999,461.60464
SnS @ ZnIn2S4,3.8081434257614912,2.811011,6429.000000000002,647.1591
Zn,2.4471580313422194,3.173631,280.0000000000001,1491.5264
TCNQ–C3N4,2.489452210299809,3.9466426,308.6399999999999,8843.875
Au,2.361727836017593,3.3855562,230.00000000000009,2429.7197
Au,1.5440680443502757,2.3901477,35.0,245.55438
Au,1.6020599913279623,2.3901477,39.99999999999999,245.55438
Au,0.6989700043360189,2.3901477,5.000000000000001,245.55438
WS2,2.093421685162235,2.89216,124.00000000000001,780.1174
La–Cr-5,1.954242509439325,2.789724,90.00000000000003,616.2034
CdS–Pt,2.9925535178321354,4.045003,982.9999999999995,11091.823
Au,2.27415784926368,3.3746533,188.00000000000009,2369.4814
Au,1.8129133566428555,2.8142524,64.99999999999999,652.00714
Au,2.2095150145426308,3.3746533,161.99999999999994,2369.4814
Au,1.7075701760979363,3.3746533,50.999999999999986,2369.4814
Cu2O,4.043578388916586,1.8506639,11055.500000000004,70.902885
BCN,1.6893088591236203,2.5271223,48.900000000000006,336.60632
BCN,2.4670158184384356,2.5271223,293.1000000000001,336.60632
CdMoO4,3.3412366232386925,3.0951848,2194.000000000001,1245.0443
Pt–ZnS/CdS,3.886490725172482,3.6075592,7699.999999999999,4050.9717
Pt–ZnS/CdS,4.3222192947339195,3.6075592,21000.00000000001,4050.9717
"Zn(O, S)",3.9116901587538613,3.0191703,8160.000000000003,1045.1299
PGA25,2.2329961103921536,2.7809129,170.99999999999991,603.82745
PGA25,2.4712917110589387,2.7809129,296.0000000000001,603.82745
CdS/Pt,4.54282542695918,4.5021744,34899.999999999985,31781.498
ZnS/ZIS-20,2.6564815157904986,2.8135304,453.40000000000003,650.9242
Chloroplatinic acid,3.6201360549737576,2.950294,4170.0,891.85455
CoP,2.9808211666443354,2.9328773,956.7999999999995,856.7957
CoP,4.678518379040114,2.7289495,47700.00000000005,535.7344
ZnS/ZnO/ZnS,6.318063334962762,3.195017,2080000.0000000019,1566.8129
ZnS/carbon,2.296665190261531,2.8963077,197.99999999999991,787.60364
N-GQD10,2.2247919564926817,2.3042452,167.8000000000001,201.48616
B-P25,2.57978359661681,2.635644,379.99999999999994,432.1594
B-P25,3.546542663478131,2.635644,3520.0000000000014,432.1594
TiO2-HF6,3.1316186643491255,3.613519,1354.0,4106.946
NaCCN,2.615950051656401,2.5794847,413.0000000000001,379.7386
BCN,1.7708520116421442,2.3925467,59.00000000000001,246.91454
BCN,2.8796692056320534,2.3925467,757.9999999999998,246.91454
BCN,3.2895889525425965,2.6765053,1947.999999999999,474.79413
Au,3.8567288903828825,3.2539222,7189.999999999997,1794.4122
BCN,1.4868553552769432,2.5575812,30.679999999999993,361.0615
BCN,0.33845649360460484,2.5575812,2.18,361.0615
Au,0.24303804868629444,3.3885028,1.75,2446.2612
ReS2,0.5843312243675308,2.855929,3.8400000000000003,717.6768
TiO2nanosheets,2.866877814337499,2.8311048,736.0,677.805
C,1.5930644316587175,1.6422584,39.17999999999999,43.87917
C,0.5550944485783191,2.1107378,3.59,129.04399
C,0.2648178230095365,2.1107378,1.84,129.04399
UiO-66,3.814647069451856,2.325885,6526.000000000001,211.78006
ZnMoS4,3.0755469613925306,3.5585313,1189.9999999999995,3618.5225
ZnMoS4,3.762678563727436,3.5494547,5789.999999999997,3543.6816
ZnMoS4,4.287353772714747,3.5494547,19380.000000000015,3543.6816
ZnMoS4,4.080987046910887,3.5494547,12049.999999999998,3543.6816
Au,2.53731527311201,2.5639403,344.60000000000014,366.38718
"Zn(O, S)",3.7075701760979363,3.3534296,5099.999999999999,2256.47
Ni-PPy,2.4608978427565478,2.9094722,288.99999999999994,811.8433
Pd,2.459392487759231,2.907758,288.0000000000001,808.64514
In2O3–In2S3nanostructure,1.7881683711411678,2.777889,61.40000000000001,599.6378
In2O3,5.734799829588847,2.2546651,543000.0000000002,179.74844
PHIC,6.431363764158987,3.2899082,2699999.9999999977,1949.4324
DPTFBr,3.8651039746411278,3.0115068,7329.999999999996,1026.8495
Au/TiO2,2.4871383754771865,2.7655616,307.0,582.85645
Au,2.2095150145426308,3.0795944,161.99999999999994,1201.142
Au,2.929418925714293,3.0795944,850.0000000000002,1201.142
BiPO4,0.146128035678238,1.8603086,1.4,72.4951
Zn0.8Cd0.2S,2.6150342290847544,3.4864926,412.13,3065.4387
Zn0.8Cd0.2S,2.65730449656789,3.4864926,454.26,3065.4387
black phosphorus,2.709269960975831,3.106395,512.0000000000001,1277.6002
F,0.9242792860618817,2.6874528,8.4,486.9146
InGaN @ ZnO,1.8195439355418688,2.2054791,66.00000000000001,160.50151
Cu2O,4.079181246047625,2.362913,12000.000000000007,230.62846
BQ,2.6720978579357175,2.9629343,470.00000000000006,918.1936
BQ,3.5237464668115646,3.1379225,3340.0000000000005,1373.7969
BQ,3.6242820958356683,3.1379225,4210.0,1373.7969
BQ,3.0791812460476247,3.1379225,1199.9999999999995,1373.7969
BQ,4.140822180109311,2.9629343,13830.0,918.1936
BQ,3.906335041805091,2.9629343,8060.000000000004,918.1936
Pd,3.092018470752797,2.770057,1236.0000000000002,588.92084
N6R6TNR,3.904985881099363,2.9999015,8034.999999999997,999.7733
N6R6TNR,1.7075701760979363,2.9999015,50.999999999999986,999.7733
N6R6TNR,1.8750612633917,2.927122,75.00000000000001,845.51654
N6R3TNR,3.4282968139828798,2.927122,2681.0000000000014,845.51654
N6R6TNR,3.9635044994142907,2.927122,9193.999999999998,845.51654
"dibenzo[b, d]thiophene sulfone",3.462397997898956,2.6028562,2900.0,400.73398
CuInS2,0.11058971029924898,3.1546242,1.29,1427.6582
Pd,3.0211892990699383,3.04976,1050.0000000000005,1121.3988
Pd,2.6532125137753435,3.04976,449.99999999999983,1121.3988
TCP,2.2174839442139063,2.6491535,165.0,445.81378
TiO2–Au–CdS,2.8258802989361795,3.1809452,669.7,1516.8589
TCP,3.976808337338066,2.6491535,9479.999999999995,445.81378
TZnP,1.7708520116421442,3.0547187,59.00000000000001,1134.276
TZnP,1.1760912590556813,2.9908714,15.000000000000004,979.2001
ReS2,5.0496056125949735,3.277234,112100.0000000001,1893.3639
Cadmium sulphide,4.064457989226918,2.9741042,11599.99999999999,942.11554
Cadmium sulphide,3.7323937598229686,2.8530223,5400.000000000001,712.8897
Mn0.2Cd0.8S/NiWO4,4.249442961442583,3.2897556,17760.000000000015,1948.7476
CuCo,1.887054378050957,2.9428382,77.10000000000001,876.67413
CGS,2.2638726768652235,2.7166908,183.59999999999997,520.8237
CGS,2.1351326513767748,2.7166908,136.49999999999997,520.8237
